"","Actaepachy","Adianpedat","Ageraaltis","Agrimgrypo","Alliapetio","Alliutrico","Ambroartem","Ambrotrifi","Amphibract","Androgerar","Anemoacuti","Anemoameri","Anemocanad","Anemocylin","Anemoquinq","Apocyandro","Aquilcanad","Aralinudic","Arctiminus","Arisatriph","Asarucanad","Asclesyria","Athyrfilix","Bidenfrond","Boehmcylin","Botryvirgi","Bracherect","Calyssepiu","Cardaconca","Cardadiphy","Carexalbur","Carexarcta","Carexbland","Carexgrayi","Carexgrise","Carexhirti","Carexintum","Carexlupul","Carexmuski","Carexpensy","Carexrosea","Carextucke","Carextyphi","Caulothali","Chenoalbum","Chimaumbel","Cicutmacul","Cinnaarund","Circalutet","Cirsivulga","Claytvirgi","Clintborea","Coptitrifo","Cratasp.","Cryptcanad","Cypriacaul","Desmogluti","Desmonudif","Dicencucul","Dichasp.","Dioscvillo","Dodecmeadi","Dryopcarth","Elymucanad","Elymuhystr","Elymuvirgi","Enemibiter","Epipahelle","Equisarven","Erythameri","Euphocorol","Eurybmacro","Euthagrami","Eutromacul","Festusubve","Fragavirgi","Galeotetra","Galiuapari","Galiuconci","Galiutrifl","Geranmacul","Geumcanad","Glechheder","Glycestria","Gymnodryop","Hackevirgi","Heliastrum","Hespematro","Heuchricha","Hieraauran","Hydrovirgi","Hyperperfo","Impatcapen","Impatpalli","Lactubienn","Laporcanad","Leersvirgi","Leonucardi","Leucavulga","Linnaborea","Lupinperen","Lycopclava","Lycopunifl","Lysimcilia","Lysimnummu","Maiancanad","Maianracem","Maianstell","Melamlinea","Mitchrepen","Miteldiphy","Moehrlater","Monarfistu","Oenotbienn","Onoclsensi","Oryzoasper","Osmorclayt","Osmorlongi","Osmuncinna","Osmunclayt","Oxalistric","Packeaurea","Pariepensy","Pastisativ","Persimacul","Persivirgi","Phalaarund","Phloxdivar","Phrymlepto","Physovirgi","Pileapumil","Plantmajor","Poaprate","Podoppelta","Polygpauci","Polygbiflo","Polygpubes","Potensimpl","Prenaalba","Pteriaquil","Pyrolellip","Ranunabort","Ranunhispi","Ranunrecur","Ratibpinna","Rubuspubes","Rudbehirta","Rudbelacin","Sangucanad","Sanicmaril","Schizpurpu","Scutelater","Smilaecirr","Smilaherba","Solidcanad","Solidflexi","Solidgigan","Solidulmif","Stachtenui","Stellaquat","Streplance","Symphlater","Symphoolen","Symphshort","Symphuroph","Symplfoeti","Taraxoffic","Teucrcanad","Thalidasyc","Thalidioic","Trienborea","Trillcernu","Trillflexi","Trillgrand","Trillrecur","Triosperfo","Urticdioic","Uvulagrand","Uvulasessi","Veronoffic","Veronvirgi","Violabland","Violapubes","Violasoror","Waldsfraga"
"1",0,0,0,0,0,0,0,0,0,0,0,0,0,0,1,0,0,0,1,1,0,0,0,0,0,0,0,0,2,0,0,0,0,0,0,0,0,0,0,0,0,0,0,0,0,0,0,0,15,0,0,0,0,0,0,0,0,0,0,0,0,0,0,0,1,0,0,0,0,0,0,0,0,0,0,0,0,0,0,0,1,0,0,0,0,0,0,0,0,0,1,0,0,0,0,0,0,0,0,0,0,0,0,0,0,0,18,1,0,0,0,0,0,0,0,0,0,0,0,0,0,0,0,0,0,1,0,0,0,0,0,0,0,1,0,4,0,0,2,0,0,0,1,0,0,0,0,0,0,0,0,0,0,0,0,10,0,1,0,0,0,0,0,0,0,0,0,0,0,5,0,0,0,0,0,0,0,0,0,0,0,0,0,0,0
"3",0,0,0,0,56,0,0,0,0,0,0,0,0,0,2,0,0,0,0,34,0,0,0,0,0,0,0,0,0,0,0,0,0,0,0,0,0,0,0,0,0,0,0,2,0,0,0,0,32,1,0,0,0,0,0,0,0,0,0,0,0,0,0,0,0,0,0,0,0,0,0,0,0,0,0,0,0,0,0,0,9,6,0,0,0,1,0,3,0,0,5,0,0,0,0,0,0,0,0,0,0,0,0,0,0,0,3,0,0,0,0,0,0,0,0,0,0,0,0,0,0,0,0,0,0,3,0,0,0,0,0,0,0,2,0,1,0,0,0,0,0,0,0,0,0,0,0,0,6,0,0,0,0,0,0,0,0,0,0,0,0,0,0,0,0,0,0,0,0,0,0,0,0,6,0,0,0,0,0,0,0,0,4,0,0
"4",0,0,0,0,0,0,0,0,0,0,0,0,0,0,0,0,0,0,0,22,0,0,0,0,0,0,0,0,0,0,0,0,0,0,0,0,0,0,0,0,0,0,0,0,0,0,0,0,10,1,0,0,0,0,0,0,0,0,0,0,0,0,0,0,0,0,0,0,0,0,0,0,0,0,0,0,0,0,0,0,37,0,0,0,0,0,0,0,0,0,1,0,0,0,0,0,0,0,0,0,0,0,0,0,0,0,73,0,0,0,0,0,0,0,0,0,0,0,0,0,0,0,0,0,0,0,0,0,0,0,0,0,0,2,0,1,0,0,0,0,0,1,0,0,0,0,0,0,1,0,0,0,0,0,1,0,0,1,0,0,0,0,0,0,0,0,4,0,0,3,0,0,0,12,0,0,0,0,0,0,0,0,0,1,0
"5",0,0,0,0,5,0,0,0,0,0,0,0,0,0,6,0,0,0,0,96,0,0,0,0,0,0,0,0,0,0,0,0,0,0,0,0,0,0,0,0,0,0,0,9,0,0,0,0,25,1,0,0,0,0,0,0,0,0,0,0,0,0,0,0,0,0,0,0,0,0,0,0,0,0,0,0,0,0,0,0,13,4,0,0,0,0,0,0,0,0,0,0,0,2,0,1,0,0,0,0,0,0,0,0,0,4,72,18,0,0,0,0,0,0,0,0,0,0,0,0,0,0,0,0,0,0,0,0,0,0,0,0,0,8,0,0,0,0,0,0,0,0,1,0,0,0,0,0,8,1,0,0,1,0,0,3,0,0,0,0,0,0,0,0,0,2,2,0,0,6,0,0,0,6,0,0,0,0,0,0,0,0,3,1,0
"6",0,0,0,0,23,0,0,0,0,0,0,0,0,0,0,0,0,0,1,38,0,0,0,0,0,0,0,0,0,0,0,0,0,0,0,0,0,0,0,0,0,0,0,0,0,0,0,0,25,1,0,0,0,1,0,0,0,0,0,0,0,0,0,0,0,0,0,0,0,0,0,0,0,0,0,0,0,0,0,0,2,16,0,0,0,0,0,0,0,0,0,0,0,0,0,0,0,0,0,0,0,0,0,0,0,0,39,0,0,0,0,0,0,0,0,0,0,0,0,0,0,0,0,0,0,0,0,0,0,0,0,0,0,4,0,1,0,0,0,0,0,0,0,0,0,0,0,0,0,0,0,0,0,0,0,0,0,0,0,0,0,0,0,0,0,0,3,0,0,1,0,0,0,3,0,0,0,0,0,0,0,0,0,0,0
"9",11,0,0,0,36,0,0,0,0,0,2,0,0,0,25,0,0,4,1,15,0,0,0,0,0,0,0,0,0,0,0,0,0,0,0,0,0,0,0,0,0,0,0,7,0,0,0,0,8,0,0,0,0,0,0,0,0,0,0,0,0,0,0,0,0,0,0,0,0,0,0,4,0,0,0,0,0,0,0,0,5,13,0,0,0,0,0,4,0,0,25,0,0,10,0,0,0,0,0,0,0,0,0,0,0,5,18,0,0,0,1,0,0,0,0,0,6,1,0,0,1,0,0,0,0,0,0,0,0,0,0,0,0,1,0,0,0,0,2,0,0,0,2,1,0,0,0,0,0,1,0,0,0,0,0,49,0,2,0,0,0,2,0,0,1,0,9,0,0,36,0,0,0,25,0,0,0,6,0,0,0,0,0,0,0
"15",0,0,0,0,58,0,1,0,0,0,0,0,0,0,0,0,0,0,1,53,0,0,1,1,0,0,0,0,0,0,0,0,0,0,0,0,0,0,0,0,0,0,0,1,0,0,0,0,45,1,0,0,0,0,0,0,0,0,0,0,0,0,0,0,0,0,0,0,0,0,0,0,0,0,0,0,0,0,0,1,20,16,0,1,0,3,0,4,0,0,0,0,0,4,0,0,0,0,0,0,0,0,0,0,0,0,1,0,0,0,0,0,0,0,0,0,0,0,0,0,0,0,0,0,0,0,0,0,0,0,0,0,1,0,0,0,0,0,0,0,0,0,1,1,0,0,0,0,3,0,0,0,0,0,2,0,0,0,0,0,0,0,0,0,1,0,2,0,0,5,0,0,0,0,0,1,0,0,0,0,0,0,0,0,0
"17",0,0,0,0,24,0,0,0,0,0,0,0,0,0,4,0,0,0,0,15,1,0,0,0,0,0,0,0,22,0,0,0,0,0,0,0,0,0,0,0,0,0,0,2,0,0,0,0,36,1,0,0,0,0,0,0,0,0,0,0,0,0,0,0,0,0,0,0,0,0,0,0,0,0,0,0,0,0,0,0,39,14,0,0,0,0,0,0,0,0,5,0,0,0,0,0,0,0,0,0,0,0,0,0,0,0,23,5,0,0,0,0,0,0,0,0,1,0,0,0,0,0,0,0,0,9,0,0,0,0,0,0,1,0,0,0,0,0,0,0,0,0,6,0,0,0,0,0,4,0,0,0,7,0,0,0,0,0,0,0,0,0,0,0,0,0,0,0,0,3,0,0,0,3,0,0,0,0,0,0,0,0,0,1,0
"19",2,0,0,0,30,0,0,0,0,0,0,0,0,0,3,0,0,0,0,62,0,0,0,1,0,0,0,0,0,0,0,0,0,0,0,0,0,0,0,0,0,0,0,0,0,0,0,0,34,0,0,0,0,0,0,0,0,0,0,0,0,0,0,0,0,0,0,0,0,0,0,0,0,0,0,0,0,0,0,0,19,16,0,0,0,1,0,0,0,0,10,0,0,19,0,0,0,0,0,0,0,0,0,3,0,2,29,1,0,0,0,0,0,0,0,0,0,0,0,0,0,0,0,0,0,1,0,0,0,0,0,0,0,1,0,0,0,0,1,0,0,0,6,0,0,0,0,0,0,0,0,0,2,0,0,0,0,0,0,0,0,2,0,0,1,0,5,0,0,8,0,0,6,0,0,0,0,0,0,0,0,0,0,2,0
"20",0,0,0,0,10,0,0,0,0,0,0,0,0,0,1,0,0,0,1,46,0,0,0,0,0,0,0,0,0,0,0,0,0,0,0,0,0,0,0,0,0,0,0,0,0,0,0,0,21,0,0,0,0,0,0,0,0,0,0,0,0,0,0,0,2,0,0,0,0,0,0,0,0,0,0,1,0,0,0,0,0,18,0,0,0,0,0,0,0,0,9,0,0,12,0,0,0,0,0,0,0,0,0,0,0,2,6,0,0,0,0,0,0,0,0,0,0,0,0,0,0,0,0,0,0,0,0,0,0,0,0,0,2,7,0,0,0,0,0,0,0,2,0,1,0,0,0,0,1,0,0,0,0,0,0,26,0,0,0,0,0,5,0,0,1,0,7,0,0,2,1,0,0,3,0,0,0,0,0,0,0,0,8,1,0
"21",0,0,0,0,0,0,0,0,2,0,0,0,0,0,2,0,0,0,0,30,0,0,0,0,0,0,0,0,2,0,0,0,0,0,0,0,0,0,0,0,0,0,0,0,0,0,0,0,3,0,0,0,0,0,0,0,0,0,0,0,0,0,0,0,1,0,0,0,1,0,0,1,0,0,0,0,0,0,0,0,4,2,0,0,0,0,0,0,0,0,15,0,0,3,0,1,0,0,0,0,0,0,0,1,0,7,13,0,0,0,0,0,0,0,0,0,0,3,0,0,0,0,0,0,0,0,0,0,0,0,0,0,0,3,0,1,0,0,15,0,0,0,2,2,0,0,0,0,9,1,0,0,0,0,0,33,0,0,0,0,0,5,0,0,6,9,9,0,0,38,0,0,0,10,0,0,0,0,0,0,0,0,4,2,0
"22",1,0,0,0,3,0,0,0,0,0,0,0,0,0,0,0,0,0,0,55,0,0,0,0,0,0,0,0,0,0,0,0,0,0,0,0,0,0,0,0,0,0,0,0,0,0,0,0,31,0,0,0,0,6,0,0,0,0,0,0,2,0,0,0,0,0,0,0,0,0,0,0,0,0,0,0,0,0,0,0,15,12,0,0,0,0,0,0,0,0,0,0,0,9,0,0,0,0,0,0,0,0,0,0,0,1,7,0,0,0,0,0,0,0,0,0,0,0,0,0,0,0,0,0,0,21,0,0,0,0,0,0,0,1,0,0,2,0,0,0,0,0,0,1,0,0,0,0,0,0,0,0,2,1,0,0,0,0,0,0,0,0,0,0,0,0,2,0,0,0,0,0,0,11,0,0,0,1,0,0,0,0,0,0,0
"1000",0,0,0,0,0,0,0,0,0,0,0,0,0,0,10,0,0,0,0,8,0,0,2,0,0,0,0,0,40,0,0,0,0,0,0,0,0,0,0,0,0,0,0,1,0,0,0,0,31,0,0,0,0,0,5,0,0,0,0,0,0,0,0,0,0,0,0,0,0,0,0,0,0,0,0,0,0,24,2,1,15,6,0,0,0,2,0,0,0,0,28,0,0,35,0,24,0,0,0,0,0,0,0,0,0,0,26,0,0,0,0,0,0,0,0,0,5,8,0,0,0,0,0,0,0,3,0,1,6,0,0,0,0,10,0,4,0,0,0,0,0,0,3,0,0,0,0,0,6,13,0,0,1,0,0,4,0,0,0,0,0,0,0,0,1,0,0,0,0,7,0,0,6,0,35,0,0,1,0,0,0,0,36,12,0
"1002",1,0,0,0,0,0,0,0,1,0,0,0,0,0,0,0,0,0,0,7,0,0,6,0,0,0,0,0,0,0,0,0,0,0,0,0,0,0,0,0,0,0,0,0,0,0,0,0,93,0,0,0,0,0,0,0,1,0,0,0,0,0,0,0,0,0,0,0,0,0,0,0,0,0,0,0,0,2,0,0,92,38,0,0,0,1,0,0,0,0,0,0,0,0,0,0,0,0,0,0,0,0,0,0,0,0,7,2,0,0,0,0,0,0,0,0,0,0,0,1,0,0,0,0,0,0,0,0,0,0,0,0,0,1,0,1,0,0,0,1,0,1,0,1,0,0,0,0,0,0,0,0,0,0,0,0,0,0,0,0,0,0,0,0,0,0,0,0,0,0,0,0,0,0,0,0,1,0,0,0,0,0,0,13,0
"1003",0,0,37,0,0,0,0,0,7,0,0,0,0,0,12,1,0,11,0,0,0,0,11,0,0,4,0,0,0,0,0,0,0,0,0,0,0,0,0,0,0,0,0,0,0,0,0,0,97,0,0,0,0,0,27,0,4,0,0,0,0,0,1,0,0,0,0,0,0,0,0,0,0,0,0,0,0,43,3,25,44,64,0,0,0,19,0,0,0,0,0,0,0,7,0,0,0,1,0,0,0,0,0,0,0,0,39,25,0,0,0,1,0,0,0,0,100,61,0,2,1,0,13,0,0,0,0,0,0,0,70,0,0,0,0,5,0,0,0,2,0,0,0,1,0,0,0,0,0,44,0,0,7,2,0,0,0,0,0,0,0,0,0,0,0,0,1,0,0,0,0,0,0,0,0,0,11,0,0,0,0,0,1,8,0
"1004",0,0,19,0,0,0,0,0,17,0,0,0,0,0,0,0,0,2,0,9,0,0,10,0,2,0,0,0,0,0,0,0,0,0,0,0,0,0,0,0,0,0,0,0,0,0,0,0,75,0,0,0,0,0,0,0,1,0,0,0,4,0,4,0,0,0,0,0,0,0,0,0,0,0,2,0,0,5,4,6,51,19,0,0,0,2,0,0,0,0,0,0,0,0,0,0,0,0,0,0,0,0,0,0,0,0,10,0,0,0,0,0,0,0,0,0,18,12,0,1,0,0,2,0,2,0,0,0,3,0,25,0,0,1,0,0,0,1,0,2,1,0,0,1,0,0,0,0,0,1,0,0,0,0,0,1,0,1,0,0,0,5,0,0,0,0,0,0,0,0,0,0,0,0,0,0,0,2,0,0,0,0,0,0,0
"1005",0,1,0,0,14,0,0,0,15,0,5,3,0,0,0,0,1,0,2,23,17,0,3,1,0,1,2,0,0,0,0,0,0,0,0,0,0,0,0,0,0,0,0,11,0,0,0,0,101,0,0,0,0,0,2,0,0,0,0,0,1,0,0,0,0,0,0,0,0,0,0,0,0,0,1,0,3,7,0,0,35,46,0,0,0,4,0,0,0,0,0,0,0,0,0,0,0,0,0,0,0,0,0,0,0,0,6,0,0,0,0,0,0,0,1,0,0,2,0,1,1,0,0,0,0,0,0,0,17,0,21,0,0,5,0,1,0,0,0,0,0,0,16,0,0,0,0,0,4,2,0,0,0,0,0,30,0,0,0,0,0,0,0,0,0,0,1,0,0,0,0,0,1,0,0,0,1,40,0,0,0,0,86,44,0
"1006",0,0,0,0,0,0,0,0,0,0,0,0,0,0,0,0,0,0,0,37,0,0,1,0,0,0,2,0,0,0,0,0,0,0,0,0,0,0,0,0,0,0,0,0,0,0,0,0,88,0,0,0,0,0,0,0,0,0,0,0,2,0,0,0,0,0,0,0,0,0,0,0,0,0,0,0,0,0,0,1,74,6,0,0,0,3,0,0,0,0,0,0,0,0,0,0,0,0,0,0,0,0,0,0,0,0,21,1,0,0,0,0,0,0,0,0,0,0,0,0,1,0,0,0,0,0,0,0,0,0,1,0,0,0,0,0,0,0,0,0,0,1,0,0,0,0,0,0,1,0,0,0,0,0,0,0,0,0,0,0,0,0,0,0,0,0,1,0,0,3,0,0,3,0,0,0,0,0,0,0,0,0,0,0,0
"1007",1,12,0,1,0,0,0,0,8,0,0,26,0,0,3,0,1,13,1,5,0,0,0,1,0,7,12,0,0,0,0,0,0,0,0,0,0,0,0,0,0,0,0,0,0,0,0,0,48,0,0,0,0,0,1,0,3,0,0,0,1,0,0,0,4,0,0,9,0,0,0,8,0,0,1,1,0,6,10,20,11,12,0,0,0,6,0,0,1,0,0,0,0,0,0,1,0,0,0,0,0,0,0,0,0,0,4,0,0,0,1,3,0,0,0,4,41,3,0,2,0,0,5,0,0,0,0,0,22,0,0,0,0,4,0,0,13,0,1,0,3,5,0,3,0,0,0,0,0,4,0,0,2,0,1,1,0,8,0,0,0,23,0,0,11,0,16,0,0,7,0,0,0,8,0,0,0,22,0,0,0,2,1,0,0
"1008",1,1,0,0,1,0,0,0,43,0,0,7,0,1,19,0,1,4,0,0,0,0,0,0,0,2,1,0,0,0,0,0,0,0,0,0,0,0,0,0,0,0,0,0,0,0,0,0,8,0,0,0,0,0,0,0,2,0,0,0,0,0,0,0,0,0,0,1,0,0,0,8,0,0,0,1,0,3,1,4,9,0,0,0,0,0,0,0,0,0,0,0,0,0,0,0,0,0,0,0,0,0,0,0,0,1,6,0,0,0,0,0,0,0,0,3,1,1,0,0,0,0,0,0,0,0,0,0,1,0,0,0,1,0,0,24,0,0,1,0,0,2,0,1,0,0,0,0,0,0,0,0,2,2,0,0,0,1,0,0,0,6,0,0,1,0,3,0,0,28,0,0,11,0,0,0,0,6,0,0,0,0,0,0,0
"1009",12,7,0,0,70,0,0,0,11,0,0,31,0,0,37,0,2,10,2,37,0,0,1,0,0,2,1,0,0,0,0,0,0,0,0,0,0,0,0,0,0,0,0,8,0,0,0,0,35,1,0,0,0,1,0,0,5,0,0,0,3,0,0,0,10,0,0,0,0,0,0,34,0,0,9,2,0,15,4,21,17,11,0,0,0,10,1,2,0,0,0,0,0,0,0,0,0,0,0,0,0,0,0,0,0,14,48,0,0,0,0,0,0,0,0,0,30,0,0,0,0,0,0,0,0,0,0,0,3,0,1,0,1,4,0,3,19,2,3,0,0,11,1,12,0,0,0,0,0,2,0,0,14,2,0,0,0,36,0,0,0,27,0,0,3,0,30,0,0,32,0,0,0,10,0,0,0,28,0,0,1,0,14,5,0
"1010",0,0,0,0,25,0,0,0,0,0,0,0,0,0,5,0,0,0,1,34,0,0,1,0,0,0,0,0,0,0,0,0,0,0,0,0,0,0,0,0,0,0,0,1,0,0,0,0,19,0,0,0,0,0,0,0,0,0,0,0,0,0,0,0,1,0,0,0,0,0,0,1,0,0,0,0,0,0,2,0,10,1,0,0,0,0,0,0,0,0,0,0,0,0,0,0,0,0,0,0,0,0,0,0,0,0,19,0,0,0,0,0,0,0,0,0,0,0,0,0,1,0,0,0,0,0,0,0,0,0,3,0,0,12,0,0,0,0,6,0,0,1,0,0,0,0,0,0,0,0,0,0,0,0,0,0,0,0,0,0,0,0,0,0,0,0,4,0,0,13,0,0,2,0,0,0,0,0,0,0,0,0,0,0,0
"1012",0,0,0,3,0,0,0,0,0,0,0,0,0,0,4,5,0,0,0,52,1,0,2,0,0,0,0,0,0,0,0,0,0,0,0,0,0,0,0,0,0,0,0,0,0,0,0,0,38,0,0,0,0,6,0,0,0,0,0,0,6,1,0,0,1,0,0,0,0,0,0,0,0,0,0,1,0,0,0,0,41,4,0,0,0,0,0,0,0,0,0,0,0,0,0,0,0,0,0,0,0,0,0,0,0,0,39,0,0,0,0,0,0,0,1,0,0,0,0,0,0,0,0,0,0,0,0,0,0,0,0,0,0,4,0,0,0,3,0,0,1,0,0,0,0,0,0,0,0,0,0,0,0,0,0,0,0,0,0,0,0,0,0,0,0,0,0,0,0,41,0,0,0,0,0,2,0,0,0,0,0,0,0,0,0
"1013",0,0,0,0,0,0,0,0,0,0,1,0,0,0,0,0,0,0,1,5,1,0,1,0,0,0,4,0,0,0,0,0,0,0,0,0,0,0,0,0,0,0,0,1,0,0,0,0,21,0,0,0,0,2,0,0,1,0,0,0,0,0,0,0,3,0,0,0,0,0,0,0,0,0,0,2,0,0,0,0,37,23,0,0,0,0,2,0,0,0,2,0,0,0,0,3,3,0,0,0,0,0,0,0,0,0,10,0,0,0,0,0,0,0,0,0,0,0,0,0,1,0,0,0,0,4,6,0,0,0,0,0,0,2,0,0,0,0,0,0,0,0,11,0,0,0,0,0,1,0,0,0,0,0,0,6,0,0,0,0,0,4,0,0,0,0,3,0,0,12,0,0,0,0,0,0,0,0,0,0,0,1,3,0,0
"1014",0,0,0,0,4,0,0,0,0,0,0,0,0,0,0,0,0,0,0,66,0,0,0,0,0,0,0,0,0,0,0,0,0,0,0,0,0,0,0,0,0,0,0,0,0,0,0,0,37,0,0,0,0,0,0,0,0,0,0,0,0,0,0,0,0,0,0,0,0,0,0,0,0,0,0,1,0,0,0,0,0,4,0,0,0,0,0,0,0,0,0,0,0,0,0,0,0,0,0,0,0,0,0,0,0,0,12,0,0,0,0,0,0,0,0,0,0,0,0,0,1,0,0,0,0,0,0,0,0,0,0,0,0,0,0,0,0,1,0,0,0,0,0,0,0,0,0,0,0,0,0,0,0,0,0,0,0,0,0,0,0,1,0,0,0,0,0,0,0,0,0,0,1,0,0,0,0,0,0,0,0,0,0,3,0
"1015",0,0,0,0,2,0,0,0,3,0,0,0,0,0,0,0,0,0,0,42,0,0,0,0,0,0,4,0,1,0,0,0,0,0,0,0,0,0,0,0,0,0,0,0,0,0,0,0,16,0,0,0,0,0,0,0,0,0,0,0,0,0,0,0,0,0,0,0,0,0,0,0,0,0,0,0,0,5,0,0,26,3,0,0,0,0,0,0,0,0,2,0,0,0,0,0,0,0,0,0,0,0,0,0,0,0,15,1,0,0,0,0,0,0,0,0,0,0,0,0,0,0,0,0,0,1,0,0,0,0,0,0,0,5,0,0,0,0,2,0,0,0,0,0,0,0,0,0,3,0,0,0,1,0,0,0,0,0,0,0,0,0,0,0,0,0,2,0,0,1,0,0,10,0,0,0,0,2,0,0,0,0,0,1,0
"1016",0,0,0,6,33,0,0,0,4,0,0,2,0,0,1,0,0,3,1,0,0,0,0,0,0,0,0,0,0,0,0,0,0,0,0,0,0,0,0,0,0,0,0,0,0,0,0,0,75,0,0,0,0,0,0,0,17,0,0,0,0,0,0,0,0,0,0,4,0,0,0,0,0,0,0,6,0,0,7,1,8,34,0,0,0,1,0,0,0,0,0,0,0,0,0,0,0,0,0,0,0,0,0,0,0,0,28,0,0,0,0,0,0,0,0,0,1,0,0,0,0,0,0,0,0,0,0,0,5,0,0,0,3,0,0,6,0,5,1,0,0,2,0,1,0,0,0,0,0,0,0,0,1,1,0,0,0,17,0,0,0,1,0,0,3,0,2,0,0,0,0,0,0,0,0,0,0,3,0,0,0,0,0,3,0
"1017",0,0,0,0,26,0,0,0,4,0,0,1,0,0,1,8,0,0,0,0,0,0,0,0,0,0,4,0,0,0,0,0,0,0,0,0,0,0,0,0,0,0,0,0,0,0,0,0,54,0,0,0,0,0,0,0,38,0,0,0,12,0,0,0,5,0,0,0,0,0,0,0,0,0,0,0,0,0,4,0,48,15,0,0,0,3,0,0,0,0,0,0,0,0,0,0,0,0,0,0,0,0,0,0,0,0,13,0,0,0,0,0,0,0,0,0,0,0,0,0,2,0,0,0,0,0,0,0,1,0,0,0,2,28,0,0,0,1,0,0,9,3,0,0,0,0,0,0,0,0,0,0,1,2,0,0,0,0,0,0,0,0,0,0,0,0,1,0,0,0,0,0,0,0,0,0,0,4,0,0,0,0,2,0,0
"1018",0,0,0,0,26,0,0,0,0,0,0,0,0,0,0,0,0,0,0,27,0,0,0,0,0,0,0,0,0,0,0,0,0,0,0,0,0,0,0,0,0,0,0,0,0,0,0,0,46,0,0,0,0,1,0,0,5,0,0,0,4,0,0,0,0,0,0,0,0,0,0,0,0,0,0,0,0,0,1,0,24,19,0,0,0,0,0,0,0,0,0,0,0,0,0,0,0,0,0,0,0,0,0,0,0,0,39,0,0,0,0,0,0,0,0,0,0,0,0,0,0,0,0,0,0,0,1,0,0,0,0,0,1,7,0,0,0,0,0,0,0,0,0,0,0,0,0,0,0,0,0,0,1,0,0,0,0,0,0,0,0,0,0,0,0,0,0,0,0,0,0,0,0,0,0,0,0,0,0,0,0,0,0,0,0
"1019",3,1,0,1,0,0,0,0,2,0,0,0,0,0,0,1,0,0,2,104,0,0,11,0,0,0,0,0,1,0,0,0,0,0,0,0,0,0,0,0,0,0,0,6,0,0,0,0,87,0,0,0,0,0,0,0,0,0,0,0,8,0,0,0,0,0,0,0,0,0,0,0,0,0,0,0,0,3,0,1,59,33,0,2,0,4,0,0,0,0,2,0,0,0,0,0,0,0,0,0,0,0,0,0,0,0,64,0,0,0,0,0,0,0,0,0,0,0,0,0,0,0,0,0,0,0,0,0,0,0,7,0,0,5,0,0,0,0,0,0,0,0,2,1,0,0,0,0,2,0,0,0,2,0,0,0,0,0,0,0,0,0,0,0,0,0,0,0,0,28,0,0,0,0,0,0,0,0,0,0,0,0,6,7,0
"1020",1,1,0,0,0,0,0,0,1,0,0,0,0,0,0,0,0,0,2,69,1,0,1,0,0,0,0,0,0,0,0,0,0,0,0,0,0,0,0,0,0,0,0,0,0,0,0,0,14,0,0,0,0,0,0,0,0,0,0,0,6,0,1,0,1,0,0,0,0,0,0,0,0,0,0,0,0,0,0,0,23,6,0,0,0,0,0,0,0,0,0,0,0,0,0,2,0,0,0,0,0,0,0,0,0,0,15,0,0,0,0,0,0,0,0,0,0,0,0,0,0,0,0,0,0,0,0,0,0,0,2,0,0,10,0,0,0,0,0,0,0,0,0,1,0,0,0,0,0,0,0,0,0,0,0,0,0,0,0,0,0,0,0,0,0,0,0,0,0,6,0,0,0,0,0,0,0,0,0,0,0,0,4,1,0
"1021",0,0,1,0,0,0,0,0,35,0,0,0,0,0,0,0,0,0,5,0,0,0,1,0,0,4,0,0,0,0,0,0,0,0,0,0,0,0,0,0,0,0,0,0,0,0,0,0,50,0,0,0,0,0,28,0,37,5,0,0,0,0,0,0,3,0,0,0,0,0,0,0,0,0,4,1,0,1,0,17,19,27,4,0,0,28,0,0,0,0,0,0,0,0,0,0,0,30,0,0,0,0,0,0,0,1,1,0,0,0,0,0,0,0,0,0,40,42,0,0,1,0,9,0,0,0,0,0,37,0,67,0,0,0,0,0,0,1,0,0,0,0,0,0,0,0,0,0,0,7,0,0,0,9,0,0,0,0,0,0,0,0,0,0,0,0,0,0,0,0,0,0,0,0,0,0,8,3,0,0,0,0,1,1,0
"1023",2,11,1,0,0,0,0,0,8,0,1,0,0,0,9,0,0,1,0,23,0,0,11,0,0,0,0,0,0,0,4,0,0,0,0,0,0,0,0,0,0,0,0,9,0,0,0,2,12,0,0,0,0,0,0,0,1,3,0,0,0,0,33,0,0,0,0,0,0,0,0,0,0,0,0,0,0,0,1,7,0,4,0,3,0,1,0,0,0,0,3,1,0,19,0,0,2,0,0,0,0,0,0,1,0,3,9,0,0,0,8,0,0,0,0,0,19,1,0,12,0,0,0,0,0,2,0,0,1,0,11,0,0,7,0,10,0,0,0,0,0,5,0,1,0,0,0,0,14,4,0,0,0,0,0,5,0,0,0,1,0,3,0,0,4,0,5,0,0,0,0,0,0,0,0,0,0,21,0,0,0,0,1,1,0
"1024",0,30,0,1,0,0,0,0,35,0,0,21,0,0,0,0,0,0,0,1,4,0,24,0,0,5,19,0,0,0,1,0,0,0,0,0,0,0,0,0,0,0,0,3,0,0,0,0,24,0,0,0,0,0,9,0,13,0,0,0,3,0,1,0,2,0,0,0,0,0,0,8,0,0,3,0,0,2,3,5,40,7,0,0,0,5,1,0,0,0,4,0,0,0,0,2,0,0,0,0,0,0,0,0,0,0,1,0,0,0,7,0,0,0,0,5,13,0,0,0,4,0,0,0,0,0,0,0,15,0,11,0,0,6,0,0,3,0,2,2,0,3,1,4,0,0,0,0,26,16,0,0,5,1,0,7,0,1,0,0,0,7,0,0,5,0,1,0,0,11,0,0,0,7,0,0,2,25,0,0,0,0,24,7,0
"1025",0,26,0,0,0,0,0,0,6,0,85,0,0,0,3,0,0,7,0,3,55,0,1,0,0,3,0,0,0,0,47,0,0,0,0,0,0,0,0,0,0,0,0,32,0,0,0,0,7,0,0,0,0,0,18,0,0,0,0,0,0,0,2,0,1,0,0,0,0,0,0,0,0,0,1,0,0,0,0,2,6,3,0,0,0,0,1,0,0,0,49,0,0,25,0,59,0,0,0,0,0,0,0,0,0,0,43,0,0,0,60,0,0,0,0,0,60,4,0,0,0,0,0,0,0,0,0,4,1,0,12,0,0,10,0,0,10,0,0,0,0,5,1,1,0,0,0,0,6,33,0,0,2,0,3,14,0,0,0,1,0,5,0,0,3,0,1,0,0,1,0,0,37,0,0,0,1,38,0,0,0,0,16,1,0
"1026",0,9,0,0,0,0,0,0,20,0,0,1,0,0,0,0,0,2,0,48,0,0,37,0,0,11,4,0,0,0,0,0,0,0,0,0,0,0,0,0,0,0,0,37,0,0,0,0,74,0,0,0,0,0,63,0,63,15,0,0,2,0,0,0,1,0,0,0,0,0,0,0,0,0,21,2,0,35,10,24,91,30,5,0,0,0,0,0,0,0,54,0,0,0,0,0,0,0,0,0,0,0,0,0,0,0,26,0,0,1,36,0,0,0,0,0,9,18,0,7,0,0,0,0,0,0,0,0,52,0,10,0,0,16,0,0,1,1,0,1,13,19,1,13,0,0,0,0,1,84,0,0,3,0,0,13,0,4,0,0,0,34,0,0,3,0,2,0,0,6,0,0,0,33,0,5,1,73,0,0,0,0,12,0,0
"1027",0,2,0,2,3,0,0,0,10,0,0,0,0,0,5,1,3,1,1,62,0,0,10,0,0,3,0,0,0,0,0,0,0,0,0,0,0,0,0,0,0,0,0,0,1,0,0,0,115,0,0,0,0,2,0,0,21,0,0,0,1,0,2,0,1,0,0,0,0,0,0,0,0,0,1,0,0,5,1,8,79,51,0,0,0,6,0,0,0,0,0,0,0,0,0,0,0,0,0,0,0,0,0,1,0,0,18,3,0,0,0,6,0,0,0,0,0,0,0,0,4,0,3,0,0,16,0,0,3,0,22,0,0,1,0,4,0,0,0,0,1,0,0,2,0,0,0,0,0,0,0,0,2,2,0,2,0,0,0,0,0,3,0,0,0,0,5,0,0,0,0,0,0,0,0,1,1,1,0,0,0,0,13,2,0
"1031",0,0,0,0,0,0,0,0,0,0,0,0,0,0,0,0,0,0,0,77,0,0,0,0,0,0,0,0,0,0,0,0,0,0,0,0,0,0,0,0,0,0,0,0,0,0,0,0,52,0,0,0,0,0,0,0,0,0,0,0,0,0,0,0,0,0,0,0,0,0,0,0,0,0,0,0,0,0,0,0,19,13,0,0,0,0,0,0,0,0,0,0,0,0,0,0,0,0,0,0,0,0,0,0,0,1,48,1,0,0,0,0,0,0,0,0,0,0,0,0,0,0,0,0,0,0,0,0,0,0,0,0,0,1,0,0,0,0,0,0,0,0,0,0,0,0,0,0,0,0,0,0,0,0,0,0,0,0,0,0,0,0,0,0,0,0,0,0,0,0,0,0,0,0,0,0,0,0,0,0,0,0,0,4,0
"1032",2,0,6,0,2,0,0,0,1,0,17,0,0,0,1,0,0,0,1,31,7,0,0,0,0,0,0,0,31,0,22,0,0,0,0,0,0,0,0,0,0,0,0,7,1,0,0,3,69,0,0,0,0,0,3,0,0,0,0,0,0,0,0,0,0,0,0,0,0,0,0,0,0,0,0,0,0,28,0,1,25,10,0,0,0,4,0,0,0,0,23,0,0,49,0,68,0,0,0,0,0,0,0,0,0,0,50,0,0,0,0,0,0,0,0,0,1,11,0,0,3,0,0,0,0,5,0,9,13,0,0,0,1,7,0,24,0,0,0,0,0,3,7,0,0,0,0,0,5,2,0,0,3,3,0,1,0,0,0,0,0,0,0,0,0,0,1,0,0,2,0,0,1,0,82,0,0,11,0,0,0,0,10,9,0
"1033",0,0,0,0,33,0,0,0,0,0,0,0,0,0,0,0,0,0,0,84,0,0,1,0,0,0,0,0,29,0,2,0,0,0,0,0,0,0,0,0,0,0,0,2,11,0,0,0,47,0,0,0,0,0,0,0,0,0,0,0,0,0,0,0,0,0,0,0,0,0,0,0,0,0,0,0,0,4,0,0,0,9,0,0,0,1,0,0,0,0,2,0,0,13,0,21,0,0,0,0,0,0,0,0,0,0,10,0,0,0,0,0,0,0,0,0,0,0,0,0,1,0,0,0,0,0,0,0,0,0,0,0,0,2,0,0,0,0,0,0,0,0,1,0,0,0,0,0,3,0,0,0,1,0,0,0,0,0,0,0,0,0,0,0,0,0,7,0,0,0,0,0,3,0,9,0,0,0,0,0,0,0,0,0,0
"1034",2,0,1,0,0,0,0,0,0,0,0,0,0,0,3,0,0,0,0,49,0,0,0,0,0,0,0,0,7,0,0,0,0,0,0,0,0,0,0,0,0,0,0,0,0,0,0,0,68,0,0,0,0,0,0,0,0,0,0,0,0,0,0,0,0,0,0,0,0,0,0,0,0,0,0,0,0,33,0,0,2,14,0,0,0,0,0,0,0,0,1,0,0,6,0,17,0,0,0,0,0,0,0,0,0,0,20,0,0,0,0,0,0,0,0,0,0,0,0,0,2,0,0,0,0,5,0,0,9,0,0,1,0,6,0,7,0,0,0,0,0,0,0,0,0,0,0,0,5,0,0,0,0,0,0,0,0,0,0,0,0,0,0,0,0,0,2,0,0,0,0,0,1,0,33,0,0,0,0,0,0,0,0,7,0
"1035",0,0,0,0,0,0,0,0,0,0,0,0,0,0,9,0,0,0,0,33,0,0,0,0,0,0,0,0,63,0,11,0,0,0,0,0,0,0,0,0,0,0,0,15,0,0,0,0,14,0,0,0,0,0,0,0,0,0,0,0,0,0,0,0,0,0,0,0,0,0,0,0,0,0,0,0,0,62,0,0,4,3,0,0,0,1,0,0,0,0,27,0,0,55,0,61,0,0,0,0,0,0,0,0,0,0,7,0,0,0,0,0,0,0,0,0,27,5,0,0,0,0,0,0,0,0,0,9,0,0,0,0,0,6,0,1,0,0,0,0,0,0,1,0,0,0,0,0,3,0,0,0,0,0,0,0,0,0,0,0,0,0,0,0,0,0,0,0,0,0,0,0,3,0,0,0,0,2,0,0,0,0,21,4,0
"1040",0,0,0,0,0,0,0,0,0,0,0,0,0,0,0,0,0,0,1,77,0,0,1,0,0,0,0,0,0,0,0,0,0,0,0,0,0,0,0,0,0,0,0,4,0,0,0,0,78,0,0,0,0,0,2,0,0,0,0,0,5,0,0,0,0,0,0,0,0,0,0,0,0,0,0,0,0,1,0,1,91,69,0,0,0,0,0,1,0,0,8,0,0,0,0,3,3,0,0,0,0,0,0,0,0,0,41,11,0,0,0,0,0,0,0,0,0,0,0,0,1,0,0,0,0,0,0,0,0,0,7,0,0,3,0,2,0,0,0,0,0,0,0,0,0,0,0,0,0,1,0,0,1,2,0,0,0,0,0,0,0,0,0,0,0,0,0,0,0,1,0,0,0,0,0,0,1,1,0,0,0,0,12,10,0
"1041",0,3,14,1,0,0,0,0,46,0,0,0,0,0,20,1,0,14,5,55,0,0,41,0,0,0,0,0,0,0,0,0,0,0,0,0,0,0,0,0,0,0,0,5,1,0,0,0,345,0,0,0,0,1,27,0,112,14,0,0,5,0,0,0,0,0,0,0,0,0,0,0,0,0,2,0,0,72,49,30,253,130,0,0,0,29,2,0,0,0,0,0,0,2,4,1,0,1,0,0,0,0,0,0,0,1,54,6,0,0,0,1,0,0,0,0,119,34,0,0,5,0,2,0,13,0,0,0,38,0,128,0,0,27,0,6,0,5,0,5,3,3,0,2,0,0,1,0,0,23,0,0,1,7,0,0,0,0,0,0,0,4,0,0,0,0,1,0,0,8,0,0,0,0,0,0,14,7,0,0,0,0,51,32,0
"1045",0,0,0,0,3,0,0,0,0,0,0,0,0,0,1,0,0,0,0,49,0,0,1,0,0,0,0,0,0,0,0,0,0,0,0,0,0,0,0,0,0,0,0,0,0,0,0,0,97,0,0,0,0,0,0,0,0,0,0,0,0,0,0,0,0,0,0,0,0,0,0,0,0,0,0,0,0,7,0,0,56,35,0,0,0,0,0,1,0,0,0,0,0,0,0,0,0,0,0,0,0,0,0,0,0,0,24,0,0,0,0,0,0,0,0,0,0,0,0,0,0,0,0,0,0,0,0,0,0,0,0,0,0,0,0,0,0,0,0,0,0,1,0,0,0,0,0,0,0,0,0,0,0,0,0,0,0,0,0,0,0,0,0,0,0,0,0,0,0,0,0,0,0,0,0,0,0,0,0,0,0,0,0,3,0
"1055",3,0,0,0,34,0,0,0,0,0,0,1,0,0,2,0,1,0,0,71,0,0,3,0,0,0,0,0,3,0,0,0,0,0,0,0,0,0,0,0,0,0,0,0,0,0,0,0,42,0,0,0,0,0,0,0,0,0,0,0,1,0,0,0,0,0,0,0,0,0,0,0,0,0,0,0,0,7,0,0,3,10,0,0,0,0,0,0,0,0,1,0,0,0,0,0,0,0,0,0,0,0,0,0,0,0,13,0,0,0,0,0,0,0,0,0,0,0,0,4,0,0,0,0,0,2,0,0,0,0,0,0,0,1,0,1,0,0,0,0,1,3,0,0,0,0,0,0,2,0,0,0,2,0,0,0,0,0,0,0,0,0,0,0,0,0,2,0,0,0,0,0,0,0,0,0,0,0,0,0,0,0,0,2,0
"1064",0,1,1,0,100,0,0,0,2,0,0,0,0,0,0,0,0,0,0,50,0,0,3,0,0,0,0,0,0,0,0,0,0,0,0,0,0,0,0,0,0,0,0,10,0,0,0,0,89,0,0,0,0,0,6,0,5,0,0,0,1,0,0,0,2,0,0,0,0,0,0,0,0,0,1,0,0,17,1,0,68,52,0,0,0,0,0,0,0,0,0,0,0,15,0,1,0,0,0,0,0,0,0,0,0,0,85,3,0,0,0,0,0,0,0,0,0,13,0,0,0,0,0,0,0,4,0,0,1,0,2,0,0,14,0,7,0,0,0,0,0,1,16,0,0,0,0,0,0,2,0,0,2,2,0,0,0,0,0,0,0,0,0,0,0,0,0,0,0,0,0,0,0,0,0,0,0,1,0,0,0,0,23,8,0
"1067",3,0,0,0,68,0,0,0,0,0,0,0,0,0,6,0,0,0,0,87,0,0,4,0,0,0,0,0,0,0,0,0,0,0,0,0,0,0,0,0,0,0,0,6,0,0,0,0,100,0,0,0,0,4,0,0,35,0,0,0,8,0,0,0,0,0,0,0,0,0,0,0,0,0,0,1,0,6,0,0,57,53,0,0,0,5,0,0,0,0,0,0,0,0,0,0,0,0,0,0,0,0,0,0,0,0,53,7,0,0,0,0,0,0,0,0,0,0,0,0,0,0,0,0,4,1,0,0,0,0,0,0,0,12,0,3,1,0,0,3,3,1,0,4,0,0,0,0,1,0,0,0,8,0,0,0,0,0,0,0,0,0,0,0,0,0,0,0,0,0,0,0,0,0,0,0,0,3,0,0,0,1,1,0,0
"1070",1,0,0,3,0,0,0,0,2,0,0,0,0,0,1,0,0,0,0,32,0,0,1,0,0,0,0,0,0,0,0,0,0,0,0,0,0,0,0,0,0,0,0,1,0,0,0,0,60,0,0,0,0,1,0,0,4,0,0,0,0,0,0,0,0,0,0,0,0,0,0,0,0,0,0,1,0,0,1,4,35,5,0,0,0,3,0,0,0,0,0,0,0,2,0,0,0,0,0,0,0,0,0,0,0,0,18,1,0,0,0,1,0,0,0,0,0,0,0,0,0,0,1,0,0,2,0,0,0,0,0,0,2,0,0,1,0,0,0,0,0,0,0,1,0,0,0,0,4,0,0,0,0,0,0,1,0,1,0,0,0,4,0,0,0,0,0,0,0,1,0,0,0,0,0,0,0,0,0,0,0,0,0,2,0
"1073",0,1,0,0,1,0,0,0,4,0,0,0,0,0,0,1,0,0,1,6,0,0,0,0,0,0,0,0,0,0,0,0,0,0,0,0,0,0,0,0,0,0,0,0,0,0,0,0,54,0,0,0,0,0,0,0,1,0,0,0,0,0,0,0,0,0,0,0,0,0,0,0,0,0,0,0,0,0,1,0,34,28,0,0,0,0,0,0,0,0,0,0,0,0,0,0,0,0,0,0,0,0,0,0,0,0,2,0,0,0,0,0,0,0,0,0,0,0,0,1,1,0,0,0,0,0,0,0,0,0,1,0,0,0,0,0,0,0,0,0,0,1,0,0,0,0,0,0,0,0,0,0,0,0,0,0,0,0,0,0,0,0,0,0,0,0,0,0,0,0,0,0,0,0,0,0,0,0,0,0,0,0,0,0,0
"1084",1,2,1,3,78,0,0,0,4,0,0,0,0,0,0,0,0,0,0,87,0,0,3,0,0,2,2,0,0,0,0,0,0,0,0,0,0,0,0,0,0,0,0,13,0,0,0,0,78,0,0,0,0,0,41,0,4,0,0,0,1,0,0,0,0,0,0,0,0,0,0,0,0,0,7,0,0,90,3,1,70,78,0,0,0,0,0,0,0,0,77,0,0,37,0,3,0,0,0,0,0,0,0,0,0,0,62,0,0,0,0,0,0,0,0,0,10,44,0,0,0,0,0,0,0,14,0,0,7,0,0,0,1,23,0,40,0,0,2,0,0,0,36,0,0,0,0,0,0,31,0,0,13,1,0,0,0,0,0,0,0,1,0,0,8,0,1,0,0,0,0,0,1,0,66,0,0,28,0,0,0,0,63,27,0
"1085",2,2,0,0,1,0,0,0,5,0,0,0,0,0,0,0,0,0,0,26,0,0,25,0,0,0,0,0,0,0,0,0,0,0,0,0,0,0,0,0,0,0,0,0,0,0,0,0,70,0,0,0,0,0,0,0,1,0,0,0,0,0,1,0,0,0,0,0,0,0,0,0,0,0,0,3,0,4,1,3,76,35,0,0,0,0,0,0,0,0,0,0,0,0,0,0,0,0,0,0,0,0,0,0,0,2,5,0,0,1,0,0,0,0,1,0,0,0,0,1,2,0,0,0,0,0,0,0,0,0,1,0,0,1,0,2,0,0,0,0,4,1,0,1,0,0,0,0,0,0,0,0,0,0,0,1,0,0,0,0,0,0,0,0,0,0,3,0,0,0,0,0,0,0,0,0,0,0,0,0,0,0,1,1,0
"1086",1,1,0,0,0,0,0,0,2,0,0,0,0,0,0,0,0,0,0,100,0,0,3,0,0,0,0,0,0,0,0,0,0,0,0,0,0,0,0,0,0,0,0,1,0,0,0,0,49,0,0,0,0,0,0,0,1,0,0,0,0,0,0,0,14,0,0,0,0,0,0,0,0,0,0,0,0,0,0,3,16,22,0,0,0,1,0,0,0,0,3,0,0,3,0,1,2,0,0,0,0,0,0,0,0,0,8,0,0,0,0,0,0,0,0,0,0,0,0,0,0,0,0,0,0,17,1,0,0,0,3,0,0,0,0,0,1,0,0,0,0,0,0,1,0,0,0,0,4,0,0,0,0,0,0,0,0,0,0,0,0,1,0,0,0,0,0,0,0,1,0,0,0,0,0,0,0,0,0,0,0,0,1,9,0
"1087",3,17,8,1,6,0,0,0,74,0,0,0,0,0,5,0,0,0,0,62,0,0,6,0,0,3,51,0,0,0,8,0,0,0,0,0,0,0,0,0,0,0,0,16,0,0,0,0,65,0,0,0,0,0,10,0,35,1,0,0,7,0,0,0,20,0,0,0,0,0,0,0,0,0,2,0,0,50,3,1,41,20,0,0,0,1,5,0,0,0,6,0,0,8,0,19,0,0,0,0,0,0,0,0,0,0,5,0,0,0,0,1,0,0,0,0,28,1,0,1,0,0,1,0,0,22,0,0,48,0,1,0,1,51,0,1,0,0,3,4,0,10,0,5,0,0,0,0,17,59,0,0,7,0,0,9,0,12,0,0,0,5,0,0,16,0,3,0,0,0,0,0,0,0,0,1,0,19,0,0,0,0,6,13,0
"1088",0,14,6,0,8,0,0,0,5,0,36,0,0,0,1,0,2,10,0,9,26,0,3,0,0,0,3,0,1,0,0,0,0,0,0,0,0,0,0,0,0,0,0,5,0,0,0,0,6,0,0,0,0,0,0,0,0,0,0,0,0,0,0,0,0,0,0,0,0,0,0,0,0,0,0,0,0,12,1,0,8,1,0,0,0,0,0,0,0,0,22,0,0,33,0,9,0,0,0,0,0,0,0,0,0,0,1,0,0,0,9,0,0,0,0,0,21,0,0,1,0,0,0,0,0,0,0,0,8,0,0,0,0,11,0,3,2,0,2,0,0,6,0,0,0,0,0,0,6,1,0,0,3,0,0,25,0,0,0,0,0,0,4,0,0,0,1,0,0,10,0,0,0,0,0,0,0,20,0,0,0,0,0,2,0
"1089",0,3,0,0,0,0,0,0,13,0,9,0,0,0,0,0,0,0,0,14,0,0,3,0,0,23,0,0,0,0,1,0,0,0,0,0,0,0,0,0,0,0,0,1,0,0,0,0,29,0,0,0,0,0,40,0,1,0,0,0,3,0,0,0,2,0,0,0,0,0,0,0,0,0,7,0,0,56,1,2,5,18,0,0,0,5,0,0,0,0,24,0,0,0,0,1,0,0,0,0,0,0,0,0,0,0,12,0,0,1,0,0,0,0,0,0,45,31,0,0,4,0,0,0,0,1,0,0,30,0,66,0,1,7,0,0,3,0,0,0,0,16,0,6,0,0,0,0,20,45,0,0,1,0,0,2,0,2,0,0,0,3,0,9,10,0,0,0,0,0,0,0,0,0,0,0,0,2,0,0,0,0,8,23,0
"1091",4,9,0,0,0,0,0,0,5,0,8,0,0,0,3,0,1,0,1,37,0,0,20,0,0,0,1,0,0,0,2,0,0,0,0,0,0,0,0,0,0,0,0,5,0,0,0,0,62,0,0,0,0,0,0,0,0,0,0,0,0,0,0,0,0,0,0,0,0,0,0,0,0,0,0,4,0,0,1,8,20,19,0,0,0,0,0,0,0,0,8,0,0,0,0,4,0,0,0,0,0,0,0,0,0,0,11,0,0,0,1,0,0,0,0,0,0,0,0,4,6,0,0,0,0,0,0,0,0,0,9,0,0,3,0,0,0,0,0,0,0,0,0,2,0,0,0,0,4,1,0,0,0,0,0,5,0,0,0,0,0,4,0,1,0,0,5,0,0,34,0,0,0,0,0,0,0,0,0,0,0,0,25,15,0
"1093",3,22,7,0,0,0,0,0,13,0,50,0,0,0,1,0,0,16,0,1,6,0,5,0,0,6,2,0,0,0,0,0,0,0,0,0,0,0,0,0,0,0,0,5,0,0,0,0,4,0,0,0,0,0,15,0,35,3,0,0,1,0,5,0,0,0,0,0,0,0,0,0,0,0,2,1,0,0,11,5,6,12,0,0,0,1,1,0,0,0,5,0,0,0,0,0,0,0,0,0,0,0,0,0,0,18,3,0,0,0,9,0,0,0,0,0,54,0,0,2,0,0,0,0,0,0,0,0,18,0,2,0,0,1,0,1,13,0,4,0,0,3,0,5,0,0,0,0,4,8,0,0,1,0,0,27,0,0,0,0,0,21,0,0,12,0,3,0,0,33,0,0,0,0,0,0,0,47,0,0,0,0,0,0,0
"1095",0,0,1,0,1,0,0,0,7,0,0,0,0,0,0,0,0,0,1,0,0,0,3,0,0,2,0,0,0,0,0,0,0,0,0,0,0,0,0,0,0,0,0,0,0,0,0,0,64,0,0,0,0,0,38,0,41,0,0,0,0,0,1,0,0,0,0,0,0,0,0,0,0,0,0,0,0,14,0,16,52,36,1,0,0,9,0,0,0,0,0,0,0,0,1,0,0,0,0,0,0,0,0,0,0,7,32,6,0,0,0,0,0,0,0,0,39,33,0,0,0,0,0,0,0,0,0,0,55,0,18,0,0,0,0,0,0,0,0,0,0,1,0,0,0,0,0,0,0,37,0,0,9,5,0,0,0,0,0,0,0,0,0,0,0,0,0,0,0,0,0,0,0,0,0,1,3,0,0,0,0,0,4,0,0
"1096",0,0,0,0,12,0,0,0,11,0,0,0,0,0,0,0,0,0,5,31,0,0,26,0,0,0,2,0,0,0,0,0,0,0,0,0,0,0,0,0,0,0,0,7,1,0,0,0,69,0,0,0,0,0,0,0,41,0,0,0,12,0,1,0,2,0,0,0,0,0,0,0,0,0,1,0,0,4,8,45,36,52,0,0,0,16,0,0,0,0,4,0,0,2,0,0,0,0,0,0,0,0,0,0,0,2,30,0,0,0,2,0,0,0,0,0,1,0,0,1,3,0,0,0,1,0,4,0,0,0,16,0,0,9,0,0,0,0,0,0,1,0,0,5,0,7,0,0,1,0,0,0,3,5,0,1,0,0,0,0,0,0,0,0,0,0,1,0,0,20,0,0,5,0,0,0,8,1,0,0,0,0,4,1,0
"1099",0,0,1,0,0,0,0,0,24,0,0,0,0,0,0,0,0,13,1,0,0,0,2,0,0,0,0,0,0,0,0,0,0,0,0,0,0,0,0,0,0,0,0,0,5,4,0,0,24,0,0,0,0,0,0,0,31,0,0,0,0,0,0,0,0,0,0,0,0,0,2,0,0,0,0,0,0,0,0,7,2,0,0,0,0,0,3,0,0,0,0,0,0,0,0,0,0,0,0,0,0,0,0,0,0,1,5,0,0,0,0,0,0,0,0,0,23,0,0,3,0,0,2,0,0,0,0,0,26,0,0,0,0,0,0,3,0,0,0,8,0,0,0,0,0,0,0,0,0,0,0,0,0,1,0,0,0,0,0,0,0,0,0,0,3,0,0,0,0,1,0,0,0,0,0,0,1,0,0,0,0,0,0,1,0
"1100",0,0,0,0,0,0,0,0,0,0,0,0,0,0,1,0,0,0,0,56,0,0,0,0,0,0,0,0,0,0,0,0,0,0,0,0,0,0,0,0,0,0,0,0,0,0,0,0,28,0,0,0,0,2,0,0,0,0,0,0,0,0,0,0,0,0,0,0,0,0,0,0,0,0,0,2,0,0,1,0,0,0,0,0,0,0,0,0,0,0,0,0,0,1,0,0,2,0,0,0,0,0,0,0,0,0,8,0,0,0,0,0,0,0,0,0,0,0,0,0,0,0,0,0,0,0,0,0,0,0,0,0,0,0,0,0,0,3,0,0,0,1,2,2,0,0,0,0,0,0,0,0,0,0,0,0,0,0,0,0,0,0,0,0,0,0,0,0,0,0,0,0,1,0,0,0,0,0,0,0,0,0,2,0,0
"1101",0,0,0,0,1,0,0,0,1,0,0,0,0,0,0,0,0,0,0,56,0,0,0,0,0,0,0,0,0,0,0,0,0,0,0,0,0,0,0,0,0,0,0,0,0,0,0,0,27,0,0,0,0,3,0,0,0,0,0,0,1,0,0,0,0,0,0,0,0,0,0,0,0,0,0,2,0,1,0,0,34,17,0,0,0,0,0,0,0,0,2,0,0,1,0,0,0,0,0,0,0,0,0,0,0,0,8,0,0,0,0,0,0,0,0,0,0,0,0,0,1,0,0,0,0,0,0,0,0,0,0,1,0,1,0,0,2,3,0,0,0,0,7,0,0,0,0,0,7,0,0,0,1,0,0,0,0,0,0,0,0,0,0,0,0,0,1,0,0,1,0,0,0,0,0,0,0,1,0,0,0,0,0,1,0
"1103",1,0,0,0,3,0,0,0,0,0,0,0,0,0,0,0,0,0,0,64,0,0,0,0,0,0,0,0,0,0,0,0,0,0,0,0,0,0,0,0,0,0,0,3,0,0,0,0,43,0,0,0,0,4,0,0,0,0,0,0,2,0,0,0,0,0,0,0,0,0,0,1,0,0,1,1,0,0,0,0,22,6,0,0,0,0,0,0,0,0,0,0,0,1,0,0,0,0,0,0,0,0,0,0,0,2,0,0,0,0,0,0,0,0,0,0,0,0,0,0,0,0,0,0,0,0,0,0,0,0,5,0,0,4,0,0,4,1,1,0,0,0,0,0,0,0,0,0,1,0,0,0,2,0,0,0,0,1,0,0,0,0,0,0,0,0,0,0,0,8,0,0,0,4,0,0,0,0,0,0,0,0,0,0,0
"1104",0,0,16,0,79,0,0,0,0,0,0,3,0,0,0,0,0,8,0,63,0,0,1,2,0,1,0,0,0,0,0,0,0,0,0,0,0,0,0,0,0,0,0,0,1,0,0,0,13,0,0,0,0,1,0,0,1,0,0,0,2,0,0,0,1,0,0,0,0,0,0,0,0,0,4,0,0,0,1,1,0,1,2,0,0,5,0,4,0,0,0,0,0,0,0,0,2,0,0,0,0,0,0,0,0,0,15,0,0,0,0,0,0,0,0,0,7,0,0,0,0,0,0,0,0,21,0,0,0,0,19,0,0,12,0,1,0,0,0,0,0,1,0,0,0,0,0,0,1,0,0,0,1,0,0,2,0,0,0,0,0,5,0,0,0,0,5,0,0,0,0,0,0,0,0,0,0,0,0,0,0,0,2,0,0
"1106",0,0,1,0,1,0,0,0,1,0,0,0,0,0,0,0,0,0,3,25,0,0,1,0,0,1,0,0,0,0,0,0,0,0,0,0,0,0,0,0,0,0,0,0,0,0,0,0,89,0,0,0,0,1,16,0,15,0,0,0,1,0,0,0,0,0,0,0,0,0,0,0,0,0,2,0,0,36,1,4,60,81,0,0,0,13,0,10,0,0,0,0,0,36,1,0,0,1,0,0,0,0,0,0,0,0,39,4,0,0,0,1,0,0,0,0,13,0,0,0,3,0,0,0,0,0,0,0,12,0,4,0,2,20,0,14,0,0,0,0,0,3,0,0,0,0,0,0,0,22,0,0,4,5,0,0,0,1,0,0,0,1,0,0,0,0,0,0,0,0,0,0,0,0,0,0,2,16,0,0,0,0,0,10,0
"1107",1,2,9,1,117,0,0,0,7,0,0,1,0,0,1,0,0,0,0,9,0,0,0,0,0,17,17,0,0,0,0,0,0,0,0,0,0,0,0,0,0,0,0,4,0,0,0,0,65,0,0,0,0,3,68,0,76,0,0,0,2,0,0,0,12,7,0,0,0,0,0,0,0,0,5,1,0,51,37,0,63,88,0,0,0,1,4,15,0,0,0,0,0,4,6,0,1,0,0,0,0,0,0,0,0,0,54,1,0,0,0,7,0,0,0,0,51,0,0,0,5,0,0,0,0,0,0,0,8,0,17,0,0,11,0,2,0,0,0,0,0,3,14,0,1,0,0,0,3,54,0,0,5,4,1,1,0,18,0,0,0,3,0,0,7,0,1,0,0,0,0,0,0,0,0,6,0,25,0,0,0,0,28,34,0
"1108",1,3,1,0,118,0,0,0,22,0,0,0,0,0,0,0,0,0,0,42,0,0,37,0,0,0,0,0,0,0,0,0,0,0,0,0,0,0,0,0,0,0,0,11,0,0,0,0,76,0,0,0,0,0,4,0,32,0,0,0,8,0,0,0,0,0,0,0,0,0,0,0,0,0,0,0,0,3,1,0,100,43,0,0,0,0,0,0,0,0,0,0,0,10,0,0,1,1,0,0,0,0,0,0,0,0,18,0,0,0,0,0,0,0,0,0,4,10,0,2,0,0,0,0,0,8,0,0,1,0,10,0,0,5,0,1,0,0,0,0,1,0,0,1,0,0,0,0,0,2,0,0,1,1,0,0,0,0,0,0,0,0,0,0,0,0,0,0,0,11,0,0,0,0,0,0,0,13,0,0,0,0,33,7,0
"1109",1,0,6,0,26,0,0,0,0,0,0,0,0,0,3,0,1,0,1,60,0,0,11,0,0,0,0,0,0,0,0,0,0,0,0,0,0,0,0,0,0,0,0,10,0,0,0,0,94,0,0,0,0,0,3,0,23,0,0,0,5,0,0,0,0,0,0,0,0,0,0,0,0,0,0,2,0,17,2,1,64,67,0,0,0,1,1,0,0,0,2,0,0,0,0,19,0,0,0,0,0,0,0,0,0,0,67,5,0,0,0,0,0,0,0,0,0,9,0,1,1,0,30,0,0,0,0,0,0,0,2,0,1,16,0,9,0,4,0,0,0,1,0,3,0,0,0,0,3,1,0,0,1,2,1,0,0,0,0,0,0,0,0,0,0,0,10,0,0,0,0,0,0,0,0,0,1,25,0,0,0,0,17,28,0
"1110",3,14,22,3,0,0,0,0,34,0,0,0,0,0,0,0,0,9,0,15,0,0,32,0,0,3,0,0,0,0,0,0,0,0,0,0,0,0,0,0,0,0,0,0,0,0,0,0,58,0,0,0,0,0,35,0,97,0,0,0,0,0,0,0,0,0,0,0,0,0,0,0,0,0,10,2,0,0,54,39,89,41,2,0,0,1,15,0,0,0,0,0,0,1,3,0,0,0,0,0,0,0,0,0,0,0,5,0,0,0,0,0,0,0,0,0,21,42,0,1,0,0,0,0,0,0,0,0,42,0,0,0,0,0,0,0,0,1,1,13,1,17,0,20,0,0,0,1,0,13,0,0,7,0,5,8,0,2,0,0,0,48,0,0,4,0,1,0,0,43,0,0,0,0,0,0,1,41,0,0,0,1,0,4,0
"1111",2,1,1,3,0,0,0,0,25,0,0,0,0,0,1,0,0,15,0,23,0,0,14,0,0,3,0,0,0,0,0,0,0,0,0,0,0,0,0,0,0,0,0,14,0,0,0,0,54,0,0,0,0,1,43,0,40,30,0,0,9,0,3,0,3,0,0,0,0,0,0,0,0,0,6,0,0,19,8,6,50,5,0,0,0,0,3,0,0,0,18,0,0,0,0,0,0,0,0,0,0,0,0,0,0,0,4,0,0,0,0,0,0,0,0,0,18,7,0,7,0,0,0,0,0,0,0,0,26,0,4,0,0,9,0,0,0,0,0,1,2,1,0,2,0,0,0,0,9,75,0,0,3,1,1,1,0,0,0,0,0,20,0,0,0,0,0,0,0,11,0,0,1,0,0,0,2,37,0,0,0,0,28,0,0
"1112",1,5,10,0,0,0,0,0,35,0,0,0,0,0,1,0,0,1,2,45,0,0,36,0,0,0,1,0,0,0,0,0,0,0,0,0,0,0,0,0,0,0,0,5,0,0,0,0,69,0,0,0,0,0,0,0,34,0,0,0,5,0,4,0,1,0,0,0,0,0,0,0,0,0,7,1,0,30,11,54,46,63,0,0,0,30,2,0,0,0,4,0,0,15,0,0,1,0,0,0,0,0,0,0,0,0,17,0,0,0,2,0,0,0,0,0,1,0,0,16,1,0,0,0,0,0,0,0,0,0,35,1,0,7,0,0,0,1,0,1,1,6,0,6,0,0,0,0,10,1,0,0,2,0,3,3,0,0,0,0,0,50,0,0,0,0,2,0,0,5,1,0,0,1,0,0,1,25,0,0,0,0,12,3,0
"1114",0,3,14,0,0,0,0,0,39,0,0,0,0,0,5,1,0,11,0,13,0,0,8,0,1,0,2,0,0,0,0,0,0,0,0,0,0,0,0,0,0,0,0,2,0,0,0,0,36,0,0,0,0,1,0,0,51,9,0,0,7,0,0,0,0,0,0,0,0,0,0,0,0,0,0,0,0,6,0,17,24,0,0,0,0,0,0,0,0,0,0,0,0,0,1,0,6,0,0,0,0,0,0,0,0,1,11,0,0,0,0,0,0,0,0,0,5,2,0,14,0,0,1,0,0,4,0,0,2,0,10,0,0,0,0,1,0,0,0,27,0,0,0,0,0,0,0,0,0,3,0,0,3,1,0,5,0,5,0,0,0,0,0,0,0,0,0,0,0,1,0,0,0,0,0,0,3,0,0,0,3,0,0,5,0
"1117",1,26,10,0,0,0,0,0,20,0,0,0,0,0,16,1,3,43,0,2,2,0,16,0,0,17,0,0,0,0,0,0,0,0,0,0,0,0,0,0,0,0,0,9,0,0,0,0,39,0,0,0,0,0,32,0,61,6,0,0,0,0,5,0,0,0,0,0,0,0,0,0,0,0,1,0,0,7,22,12,13,19,0,0,0,1,0,0,0,0,0,0,0,0,0,0,0,0,0,0,0,0,0,0,0,22,0,0,0,0,4,0,0,0,0,0,53,0,0,0,0,0,0,0,0,1,0,0,35,0,0,0,0,0,0,0,1,0,1,2,5,10,0,10,0,0,0,1,0,23,0,0,4,2,0,27,0,0,0,0,0,26,0,0,8,0,12,0,0,8,0,0,0,0,0,0,0,54,0,0,0,0,8,0,0
"1118",1,18,23,1,0,0,0,0,15,1,0,0,0,0,4,1,4,16,2,1,0,0,27,0,0,1,0,0,0,0,0,0,0,0,0,0,0,0,0,0,0,0,0,0,0,0,0,0,31,0,0,0,0,0,24,0,49,1,0,0,0,0,2,0,0,0,0,0,0,0,1,0,0,0,6,3,0,0,11,17,35,21,0,0,0,0,1,0,0,0,7,0,0,10,1,0,0,0,0,0,0,0,0,0,0,12,4,0,0,0,1,0,1,0,0,0,35,15,0,11,0,0,0,0,0,0,0,0,22,0,4,0,0,0,0,7,0,0,0,2,1,6,0,9,0,0,0,0,6,20,0,0,12,1,1,8,2,0,0,1,0,16,0,0,2,0,1,0,0,17,0,0,1,0,0,0,0,25,0,0,0,0,2,13,0
"1119",2,1,2,0,0,0,0,0,45,0,0,0,0,0,1,0,0,4,0,9,0,0,17,0,0,0,0,0,0,0,0,0,0,0,0,0,0,0,0,0,0,0,0,7,0,0,0,0,49,0,0,0,0,0,10,0,14,7,0,0,0,0,0,0,2,0,0,0,0,0,0,1,0,0,4,0,0,0,0,7,48,1,0,0,0,0,0,0,0,0,0,0,0,23,0,0,0,0,0,0,0,0,0,0,0,0,4,0,0,0,0,0,0,0,0,0,36,3,0,0,1,0,0,0,0,0,0,0,27,0,2,0,0,0,0,1,1,0,0,0,0,5,0,5,0,0,0,0,0,3,0,0,2,0,1,0,0,0,0,0,0,21,0,0,0,0,0,0,0,2,0,0,0,0,0,1,2,36,0,0,0,0,20,3,0
"1120",0,0,32,1,0,0,0,0,25,0,0,0,0,0,0,0,2,5,0,1,0,0,0,0,0,0,0,0,0,0,0,0,0,0,0,0,0,0,0,0,0,0,0,1,0,0,0,0,33,0,0,0,0,2,28,0,54,19,0,0,5,0,0,0,18,0,0,0,0,0,0,1,0,0,5,1,0,0,0,31,48,8,0,0,0,2,16,0,0,0,0,0,0,6,8,1,0,0,0,0,0,0,0,0,0,0,8,1,0,0,0,0,0,0,0,0,42,2,0,0,3,0,0,0,0,0,0,0,30,0,0,0,0,0,0,7,0,0,0,12,1,1,0,4,1,0,0,0,0,57,0,0,8,0,3,0,0,13,0,0,0,33,0,0,10,0,5,0,0,5,0,0,0,0,0,1,0,27,0,0,5,0,3,6,0
"1122",0,0,3,0,0,0,0,0,51,0,3,0,0,0,2,2,0,5,0,0,0,0,0,0,0,4,2,0,0,0,0,0,0,0,0,0,0,0,0,0,0,0,0,0,4,0,0,0,5,5,0,0,0,0,7,0,5,0,0,0,0,0,0,0,1,0,0,0,0,0,0,14,0,0,0,0,0,0,2,1,2,0,0,0,0,4,5,0,0,0,1,0,0,0,0,12,0,0,0,0,0,0,0,0,0,0,2,0,0,0,0,0,0,1,0,0,45,4,0,0,1,0,0,0,0,0,0,0,6,0,2,0,0,1,0,0,21,0,1,4,0,0,0,1,0,0,0,0,15,4,0,0,1,0,3,2,2,5,0,3,0,0,0,0,2,0,15,0,0,2,0,0,9,0,0,0,2,41,0,0,0,0,28,0,0
"1123",3,14,4,0,0,0,0,0,8,0,52,0,0,0,0,1,0,4,0,3,25,0,14,0,0,3,2,0,0,0,0,0,0,0,0,0,0,0,0,0,0,0,0,3,0,0,0,0,4,0,0,0,0,0,4,0,0,0,0,0,0,0,0,0,0,0,0,0,0,0,0,1,0,0,3,0,0,0,2,6,15,0,3,0,0,0,0,0,0,0,27,0,0,4,0,23,0,0,0,0,0,0,0,0,0,2,25,0,0,0,29,0,0,0,0,0,27,0,0,0,0,0,0,0,0,0,0,8,0,0,1,0,0,0,0,2,5,0,1,0,0,2,0,4,0,0,0,4,15,6,0,0,2,0,0,7,1,1,0,0,0,4,0,1,1,0,1,0,0,19,0,0,24,0,0,0,0,18,0,0,0,0,23,3,0
"1127",12,2,0,0,0,0,0,0,2,0,0,7,0,0,1,0,0,0,0,0,0,0,35,0,0,2,0,0,0,0,0,0,0,0,0,0,0,0,0,0,0,0,0,24,0,0,0,0,48,0,0,0,0,0,24,0,0,0,0,0,0,0,5,0,0,0,0,0,0,0,0,0,0,0,5,0,0,0,0,4,35,5,0,1,0,0,0,0,0,0,33,0,0,10,0,5,0,0,0,0,0,0,0,0,0,4,0,0,0,0,5,0,0,0,0,1,13,0,0,2,0,0,0,0,0,0,0,0,18,0,1,0,0,0,0,0,26,0,0,0,0,2,1,1,0,0,0,0,12,24,0,0,3,0,0,1,0,0,0,0,0,2,0,0,0,0,0,0,0,20,0,0,0,26,0,2,0,0,21,0,0,0,42,20,0
"1150",0,0,0,0,0,0,0,0,0,0,0,0,0,0,0,1,0,1,1,0,0,0,0,0,0,1,0,0,0,0,0,0,0,0,0,0,0,0,0,0,0,0,0,0,0,0,0,0,10,0,0,0,0,0,0,0,1,0,0,0,0,0,0,0,1,0,0,0,0,0,0,0,0,0,0,0,0,0,3,2,3,6,0,0,0,7,1,1,0,0,0,0,0,0,3,0,0,0,0,0,0,0,0,0,0,0,16,1,0,0,0,0,0,0,0,0,18,5,0,0,0,0,0,0,0,0,0,0,2,0,0,0,0,0,0,7,0,0,0,18,0,0,0,0,0,0,0,0,0,2,0,0,0,0,0,0,0,0,0,0,0,0,0,0,0,0,1,0,0,0,0,0,0,0,0,0,0,1,0,0,0,0,1,0,0
"1151",0,7,0,0,26,0,0,0,9,0,0,0,0,0,0,0,0,2,0,6,0,0,8,0,0,1,5,0,0,0,0,0,0,0,0,0,0,0,0,0,0,0,0,4,0,0,0,0,30,2,0,0,0,0,23,0,5,3,0,0,1,0,0,0,0,0,0,0,0,0,0,0,0,0,0,0,0,34,2,1,20,5,0,0,0,6,0,0,0,0,0,0,0,10,0,42,1,0,0,0,0,0,0,0,0,0,7,0,0,0,0,0,0,0,0,0,31,0,0,1,0,0,0,0,0,0,0,0,11,0,31,0,1,3,0,0,0,0,0,0,0,3,2,3,0,0,0,0,1,15,0,0,2,0,0,1,0,0,0,0,0,5,0,0,0,0,2,0,0,0,0,0,0,0,0,0,3,8,0,0,0,0,7,0,0
"1181",3,0,0,0,2,0,0,0,25,0,0,0,0,0,0,0,0,0,2,156,0,0,12,0,0,0,0,0,0,0,0,0,0,0,0,0,0,0,0,0,0,0,0,0,0,0,0,0,127,0,0,0,0,0,0,0,3,0,0,0,14,0,0,0,0,0,0,0,0,0,0,0,0,0,0,2,0,0,1,2,122,120,0,0,0,5,0,0,0,0,18,0,0,0,0,0,9,1,0,0,0,0,0,0,0,2,26,0,0,0,0,0,0,0,0,0,0,0,0,0,1,0,0,0,0,0,0,0,0,0,36,0,0,5,0,0,0,0,0,0,0,0,3,6,0,0,0,0,0,1,0,0,3,0,0,0,0,0,0,0,0,2,0,0,0,0,1,0,0,0,0,0,1,0,0,0,5,0,0,0,0,0,12,55,0
"1185",1,1,0,0,0,0,0,0,1,0,0,0,0,0,0,0,0,0,0,42,0,0,16,0,0,0,0,0,0,0,0,0,0,0,0,0,0,0,0,0,0,0,0,5,0,0,0,0,89,0,0,0,0,0,0,0,2,0,0,0,0,0,0,0,0,0,0,0,0,0,0,0,0,0,0,0,0,35,0,0,65,55,0,0,0,0,0,0,0,0,2,0,0,6,0,23,0,0,0,0,0,0,0,0,0,0,38,0,0,0,0,0,0,0,0,0,0,0,0,0,1,0,0,0,0,2,0,0,0,0,20,0,0,8,0,1,0,0,0,0,0,0,1,0,0,0,0,0,2,0,0,0,4,1,0,0,0,0,0,0,0,0,0,0,0,0,0,0,0,0,0,0,0,0,0,0,0,3,0,0,0,0,31,11,0
"1230",0,0,4,0,0,0,0,0,3,0,0,0,0,0,0,0,0,0,1,33,0,0,5,0,0,0,0,0,0,0,0,0,0,0,0,0,0,0,0,0,0,0,0,2,0,0,0,0,47,0,0,0,0,0,5,0,2,0,0,0,0,0,2,0,0,0,0,0,0,0,0,0,0,0,1,2,0,2,1,6,36,38,2,0,0,0,0,0,0,0,4,0,0,0,0,0,0,1,0,0,0,0,0,0,0,0,19,4,0,0,0,0,0,0,0,0,0,0,0,1,1,0,0,0,0,0,0,0,0,0,2,0,0,5,0,4,1,0,0,0,2,0,0,0,0,0,0,0,0,0,0,0,0,0,0,0,0,0,0,0,0,2,0,0,0,0,2,0,0,0,0,0,1,0,0,0,4,0,0,0,0,0,1,1,0
"1233",0,0,0,1,0,0,0,0,0,0,0,0,0,0,0,0,0,0,0,8,0,0,1,0,0,0,0,0,0,0,0,0,0,0,0,0,0,0,0,0,0,0,0,0,0,0,0,0,53,0,0,0,0,0,0,0,2,0,0,0,2,1,0,0,0,0,0,0,0,0,0,0,0,0,0,0,0,0,0,0,12,1,0,0,0,0,0,0,0,0,0,0,0,0,0,0,0,0,0,0,0,0,0,0,0,0,4,0,0,0,0,0,0,0,0,0,0,0,0,0,1,0,0,0,0,0,0,0,0,0,0,0,0,6,0,1,0,1,0,0,0,0,0,1,0,0,0,0,0,0,0,0,0,0,0,0,0,0,0,0,0,0,0,0,0,0,1,0,0,0,0,0,0,0,0,0,0,0,0,0,0,0,0,1,0
"2014",9,0,0,0,0,0,0,0,0,0,0,6,0,0,1,0,0,11,0,0,0,0,1,0,0,12,0,0,0,0,1,0,0,0,0,0,0,0,0,0,0,0,0,0,0,0,0,0,0,0,0,0,0,0,0,0,0,0,0,0,0,0,0,0,0,0,0,11,0,0,0,18,0,0,2,0,0,0,0,0,0,0,0,0,0,0,0,0,0,2,0,0,0,0,0,0,0,0,0,0,0,0,0,0,0,37,5,0,0,0,0,0,0,0,0,14,16,0,0,0,0,0,0,0,0,0,0,0,0,0,0,0,5,0,0,0,48,0,0,0,0,2,0,0,0,0,0,0,0,0,2,0,0,0,2,1,0,0,0,0,0,0,0,0,2,0,7,0,0,0,3,0,0,8,0,0,0,2,0,1,0,7,11,0,0
"2015",3,0,0,0,0,0,0,0,2,0,0,12,0,0,19,0,0,0,1,0,4,0,1,0,0,0,0,0,0,0,0,0,0,0,0,0,0,0,0,0,0,0,0,0,0,0,0,0,28,0,0,0,0,1,0,0,0,0,0,0,0,0,1,0,3,0,0,1,0,0,0,0,0,0,0,0,0,3,0,0,13,3,0,0,0,0,0,0,0,0,1,0,0,0,0,0,0,0,0,0,0,0,0,0,0,2,46,0,0,0,0,0,0,0,0,4,0,0,0,0,0,0,0,0,0,1,0,0,0,0,0,0,0,8,0,0,9,0,2,0,0,3,0,0,0,0,0,0,4,0,0,0,0,0,0,0,0,1,0,0,0,0,0,0,0,0,23,0,0,6,0,0,0,8,0,1,0,0,0,0,0,0,2,2,0
"2016",1,0,0,0,0,0,0,0,0,0,0,0,0,0,6,0,0,1,0,0,0,0,0,0,0,4,0,0,0,0,0,0,0,0,0,0,0,0,0,0,0,0,0,0,0,0,0,0,0,0,0,0,0,0,0,0,0,0,0,0,0,0,0,0,0,0,0,3,0,0,0,17,0,0,0,0,0,0,0,0,0,0,0,0,0,0,0,0,0,1,0,0,0,0,0,0,0,0,0,0,0,0,0,0,0,37,4,0,0,0,0,0,0,0,0,21,9,0,0,0,0,0,0,0,0,0,0,0,0,0,0,0,4,0,0,0,18,0,0,0,0,0,0,0,0,0,0,0,0,0,3,0,0,0,0,1,0,0,0,0,0,0,0,0,0,0,10,0,0,0,0,0,0,8,0,0,0,0,0,4,0,1,14,0,0
"2021",2,0,0,0,0,0,0,0,0,0,0,0,0,0,1,0,0,0,0,83,0,0,0,0,0,0,0,0,0,0,1,0,0,0,0,0,0,0,0,0,0,0,0,1,0,0,0,0,34,0,0,0,0,0,0,0,0,0,0,0,0,0,0,0,0,0,0,0,0,0,0,0,0,0,0,0,0,0,0,0,8,5,0,0,0,0,0,0,0,0,7,0,0,0,0,0,0,0,0,0,0,0,0,0,0,1,47,0,0,0,0,0,0,0,0,0,0,0,0,0,0,0,0,0,0,0,0,0,0,0,0,0,0,9,0,1,0,0,0,0,0,0,0,0,0,0,0,0,1,0,0,0,1,0,0,0,0,0,0,0,0,1,0,0,0,0,2,0,0,2,0,0,0,5,0,0,0,0,0,0,0,0,7,0,0
"2024",5,0,0,0,8,0,1,0,0,0,1,0,0,0,4,0,0,0,1,32,0,0,0,0,0,0,5,0,0,0,1,0,0,0,0,0,0,0,0,0,0,0,0,5,0,0,0,0,20,0,0,0,0,0,0,0,0,0,0,0,0,0,0,0,2,0,0,0,0,0,0,1,0,0,0,0,0,0,0,0,15,4,0,0,0,1,0,0,0,0,0,0,0,0,0,0,0,0,0,0,0,0,0,0,0,0,5,0,0,0,0,0,0,0,0,0,3,0,0,0,0,0,0,0,0,0,0,0,1,0,0,0,0,6,0,1,0,0,0,0,0,0,0,0,0,0,0,0,5,0,0,0,3,0,0,1,0,2,0,0,0,1,0,0,0,0,4,0,0,4,0,0,0,2,0,0,0,1,0,0,0,0,5,0,0
"2025",11,0,0,0,0,0,0,0,4,0,6,0,0,0,3,0,0,0,0,42,0,0,0,0,0,0,0,0,1,0,0,0,0,0,0,0,0,0,0,0,0,0,0,1,0,0,0,0,33,0,0,0,0,0,0,0,0,0,0,0,0,0,0,0,1,0,0,0,0,0,0,0,0,0,0,0,0,6,0,0,1,2,0,0,0,1,0,0,0,0,0,0,0,0,0,2,0,0,0,0,0,0,0,0,0,5,33,0,0,0,0,0,0,0,0,0,0,0,0,0,0,0,0,0,0,0,0,0,1,0,0,0,0,4,0,1,16,0,1,0,0,0,0,0,0,0,0,0,8,0,0,0,0,1,0,0,0,0,0,0,0,2,0,0,1,0,15,0,0,7,0,0,0,0,0,1,0,1,0,0,0,0,9,5,0
"2026",4,0,0,0,0,0,0,1,3,0,6,0,0,0,2,0,0,0,0,35,0,0,0,7,0,0,2,0,0,0,1,0,0,0,0,0,0,0,0,0,0,0,0,6,1,0,0,0,35,1,0,0,0,0,5,0,0,0,0,0,0,0,0,0,2,0,0,0,1,0,0,2,0,0,0,0,0,4,0,7,18,20,0,1,0,6,3,0,0,0,0,0,0,34,0,22,0,0,0,0,0,0,0,0,0,4,4,0,0,0,0,0,0,0,0,0,3,0,0,0,1,0,0,1,0,0,4,0,1,0,5,3,0,6,0,7,0,0,1,0,0,2,0,0,0,0,0,0,9,4,0,0,0,0,5,8,2,1,9,0,0,3,0,0,2,1,30,0,0,0,0,0,12,0,0,0,2,0,0,0,0,0,6,2,0
"2027",0,0,0,0,0,0,0,0,0,0,0,0,0,0,0,0,0,6,1,52,0,0,2,0,0,0,0,0,0,0,0,0,0,0,0,0,0,0,0,0,0,0,0,0,0,0,0,0,3,0,0,14,1,0,1,0,0,0,0,0,0,0,8,0,2,0,0,0,3,0,0,20,0,0,0,0,0,0,0,4,2,0,0,0,0,0,0,0,0,0,0,0,0,3,0,0,0,0,0,0,0,0,2,0,0,38,5,0,0,6,0,0,0,0,5,1,2,0,0,0,1,0,0,0,0,0,0,0,0,0,0,0,1,0,0,19,0,0,2,0,2,0,0,0,0,7,0,0,0,0,0,0,0,0,1,0,0,0,0,0,0,2,0,0,0,9,3,0,0,0,11,0,0,0,0,0,0,0,0,0,0,0,41,0,0
"2028",1,0,0,0,0,0,1,0,0,0,1,0,0,0,2,0,0,0,1,60,1,1,1,0,0,0,5,0,0,0,0,0,0,0,0,0,0,0,0,0,0,0,0,0,0,0,0,0,47,2,0,0,0,0,0,0,0,0,0,0,0,0,0,0,5,0,0,0,0,0,0,0,0,0,0,1,0,1,0,2,15,31,0,4,0,0,0,0,0,0,2,0,0,1,0,0,0,0,0,0,0,0,0,0,0,0,2,1,0,0,0,0,0,0,1,0,0,0,0,2,0,0,0,0,0,0,2,0,0,0,0,1,0,1,0,1,0,0,0,0,0,0,2,3,0,0,0,0,1,0,0,0,1,0,2,1,5,0,0,0,0,18,0,0,0,1,10,0,0,6,0,0,0,0,0,0,0,0,0,0,0,0,1,9,0
"2030",5,0,0,0,0,16,0,0,0,0,16,0,0,0,6,0,0,0,0,0,0,0,0,0,0,0,0,0,0,0,0,0,0,0,0,0,0,0,0,0,0,0,0,20,0,0,0,0,3,1,0,0,0,0,1,0,0,0,0,0,0,0,2,0,0,0,0,1,0,0,0,5,0,0,0,1,0,2,0,11,0,0,0,0,0,0,0,0,0,0,0,0,0,1,0,10,0,0,0,0,0,0,0,0,0,1,6,0,0,0,0,0,0,0,0,0,52,0,0,0,0,0,0,0,0,0,1,0,0,0,0,0,0,0,0,0,7,0,0,0,0,1,0,0,0,0,0,0,0,0,0,0,0,0,0,2,0,0,0,0,0,1,0,0,1,0,12,0,0,0,0,0,0,16,0,0,2,0,0,0,0,10,20,2,0
"2031",5,0,0,0,0,0,0,0,6,0,3,0,0,0,0,0,1,0,0,2,0,0,1,0,0,0,0,0,0,0,0,0,0,0,0,0,0,0,0,0,0,0,0,0,0,0,0,0,27,0,0,0,0,0,0,0,0,0,0,0,0,0,3,0,0,0,0,0,0,0,0,0,0,0,0,0,0,3,0,10,0,3,0,0,0,0,0,0,0,1,1,0,0,0,0,4,0,0,0,0,0,0,0,0,0,1,4,0,0,0,0,0,0,0,0,0,2,0,0,0,0,0,0,0,0,0,0,0,0,0,6,0,0,0,0,0,2,0,0,0,0,0,0,0,0,0,0,0,1,0,1,0,0,0,1,0,0,0,0,0,0,0,0,0,2,0,4,0,0,1,0,0,0,1,0,0,0,1,0,0,0,5,8,5,0
"2032",5,2,0,0,0,0,0,0,0,0,38,0,0,0,14,0,0,0,0,5,0,0,0,0,0,1,0,0,0,0,0,0,0,0,0,0,0,0,0,0,0,0,0,0,0,0,0,0,0,0,0,0,0,0,0,0,0,0,0,0,0,0,6,0,0,0,0,19,0,0,0,8,0,0,0,0,0,0,0,0,0,0,0,0,1,0,0,0,0,0,0,0,0,0,0,0,0,0,0,0,0,0,0,0,0,20,0,0,0,1,0,0,0,0,0,2,2,0,0,0,0,0,0,0,0,0,0,0,0,0,0,0,1,0,0,0,25,0,1,0,0,0,0,0,0,0,0,0,0,0,2,0,0,0,0,7,0,0,0,0,0,0,0,0,0,0,5,0,0,0,0,0,0,1,0,0,0,0,0,0,0,0,0,0,0
"2033",15,1,0,0,0,8,0,0,0,0,41,0,0,0,32,0,0,4,0,0,0,0,1,0,0,12,0,0,0,0,7,0,0,0,0,0,0,0,0,0,0,0,0,7,0,0,0,0,0,0,0,0,0,0,0,0,0,0,0,0,0,0,1,0,0,0,0,11,0,0,0,14,0,0,4,0,0,0,0,0,0,0,0,0,0,0,0,0,0,2,0,0,0,0,0,0,0,0,0,0,0,0,0,0,0,24,16,0,0,0,0,0,0,0,0,11,23,1,0,0,0,0,0,0,0,0,0,0,0,0,0,0,3,0,0,0,43,0,6,0,0,1,0,0,0,0,0,0,0,0,0,0,0,0,0,23,0,0,0,0,4,0,0,0,1,0,14,0,0,0,0,0,0,28,0,0,0,8,0,0,0,0,35,0,1
"2038",17,0,0,0,0,14,0,0,0,0,3,1,0,0,1,0,0,0,0,16,0,0,2,0,0,2,0,0,0,0,0,0,0,0,0,0,0,0,0,0,0,0,0,47,0,0,0,0,0,0,0,0,0,0,0,0,0,0,0,0,0,0,0,0,1,0,0,0,0,0,0,4,0,0,0,0,0,0,0,2,0,0,0,0,0,0,0,0,0,0,12,0,0,13,0,3,0,0,0,0,0,0,0,0,0,2,4,0,0,0,0,0,0,0,0,0,14,0,0,0,0,0,0,0,0,0,0,0,0,0,0,0,0,0,0,0,8,0,0,0,0,0,0,0,0,0,0,0,1,0,0,0,0,0,0,1,0,0,0,0,1,0,0,0,0,0,6,0,0,3,0,0,0,2,0,0,0,0,0,0,0,1,27,2,0
"2040",3,0,0,0,34,0,0,0,0,0,0,0,0,0,2,0,0,0,4,67,0,0,0,0,0,0,0,0,0,0,0,0,0,0,0,0,0,0,0,0,0,0,0,7,0,0,0,0,31,2,0,0,0,0,0,0,0,0,0,0,0,0,0,0,0,0,0,0,0,0,0,0,0,0,0,0,0,0,0,0,0,13,0,0,0,0,0,2,0,0,0,0,0,8,0,1,0,0,0,0,0,0,0,0,0,2,5,0,0,0,0,0,0,0,0,0,0,0,0,0,1,0,0,0,1,0,0,0,0,0,0,0,0,13,0,0,0,0,0,0,0,1,0,1,0,0,0,0,0,0,0,0,0,0,3,7,0,0,0,0,0,0,0,0,0,0,2,0,0,15,0,0,0,5,0,0,1,0,0,0,0,0,1,1,0
"2041",0,0,0,0,0,0,0,0,0,0,0,0,0,0,0,0,0,0,0,41,0,0,0,0,0,0,0,0,0,0,0,0,0,0,0,0,0,0,0,0,0,0,0,4,1,0,0,0,13,0,0,0,0,0,0,0,0,0,0,0,0,0,0,0,0,0,0,2,0,0,0,0,0,0,0,0,0,0,0,0,21,5,0,0,0,0,0,0,0,0,19,0,0,1,0,0,0,0,0,0,0,0,0,0,0,2,2,0,0,0,0,0,0,0,0,0,0,0,0,0,0,0,0,0,0,0,0,0,0,0,0,0,0,8,0,0,0,0,0,0,0,0,3,0,0,0,0,0,1,0,0,0,0,0,0,20,0,0,0,0,0,1,0,0,0,0,0,0,0,8,0,0,0,8,0,0,0,0,0,0,0,0,2,0,0
"2045",1,3,0,0,0,0,0,0,1,0,35,0,0,0,17,0,0,0,0,0,0,0,17,0,0,2,0,0,0,0,0,0,0,0,0,0,0,0,0,0,0,0,0,14,0,0,0,0,12,0,0,0,0,0,1,0,0,0,0,0,0,0,10,0,0,0,0,0,0,0,0,1,0,0,0,1,0,1,0,1,1,0,0,1,0,0,0,0,0,0,1,0,0,0,0,0,0,0,0,0,0,0,0,0,0,21,45,0,0,0,0,0,0,0,0,3,8,0,0,1,0,0,0,0,0,0,0,0,1,0,0,0,0,2,0,0,10,0,0,0,0,4,0,0,0,0,0,0,7,0,0,0,0,0,0,0,0,0,0,0,4,0,0,0,0,0,0,0,0,0,0,0,0,20,0,0,0,2,0,0,0,4,3,1,0
"2047",2,7,0,0,0,17,0,0,2,0,39,0,0,0,19,0,0,0,0,18,0,0,7,0,0,0,0,0,0,0,0,0,0,0,0,0,0,0,0,0,0,0,0,31,0,0,0,0,3,0,0,0,0,0,1,0,0,0,0,0,0,0,3,0,1,0,0,1,0,0,0,0,0,0,0,0,0,0,0,7,0,1,0,0,0,0,0,0,0,0,19,0,0,0,0,3,0,0,0,0,0,0,0,0,0,2,15,0,0,0,0,0,0,0,0,1,19,0,0,0,0,0,0,0,0,0,0,2,0,0,0,0,0,1,0,0,8,0,0,0,0,0,0,0,0,1,0,0,10,0,0,0,0,0,0,0,0,0,0,0,0,0,0,0,0,0,2,0,0,0,0,0,0,21,0,0,0,0,0,0,0,8,29,0,0
"3034",14,0,0,0,0,0,0,0,0,0,0,10,1,0,12,0,9,6,0,0,0,0,1,0,0,8,0,0,0,0,0,0,0,0,0,0,0,0,0,0,0,0,0,0,0,0,0,0,0,0,0,0,0,0,0,0,0,0,0,0,0,0,0,0,1,0,0,35,0,0,0,59,0,0,4,1,0,0,0,0,0,0,0,0,0,0,0,0,0,4,0,0,0,0,0,0,0,0,0,0,0,0,0,0,0,22,7,0,0,0,0,0,0,0,0,11,3,0,0,0,0,0,0,0,0,0,0,0,0,0,0,0,3,0,0,0,33,0,0,0,0,1,0,2,0,0,0,0,0,0,6,0,0,0,0,13,0,0,0,0,2,2,0,0,0,0,44,0,0,0,4,0,0,16,0,0,0,0,0,0,0,7,13,0,0
"3040",2,11,0,0,0,0,0,0,13,0,10,2,0,0,6,0,0,1,0,10,22,0,17,0,0,2,1,0,0,0,0,0,0,0,0,0,0,0,0,0,0,0,0,3,0,0,0,0,27,0,0,0,0,0,16,0,3,0,0,0,1,0,2,0,14,0,0,0,1,0,0,3,0,0,0,0,0,0,0,4,12,0,0,0,0,0,0,0,0,0,0,0,0,5,0,36,0,0,0,0,0,0,0,0,0,1,0,0,0,0,24,0,0,0,1,0,37,0,3,6,2,0,0,0,0,0,0,0,1,0,5,0,0,0,0,0,7,0,2,0,0,9,0,1,0,3,0,0,21,20,0,0,0,2,0,2,0,0,0,0,0,0,0,0,5,23,3,0,0,1,0,0,0,0,0,0,0,14,3,0,0,0,7,0,0
"3041",0,2,0,0,0,0,0,0,3,0,2,0,0,0,1,0,0,1,0,5,0,0,41,0,0,1,2,0,0,0,0,0,0,0,0,0,0,0,0,0,0,0,0,11,0,0,0,0,61,0,0,0,0,0,23,0,13,0,0,0,0,0,1,0,1,0,0,0,0,0,0,1,0,0,2,0,0,0,0,16,24,1,0,0,0,0,0,0,0,0,0,0,0,24,0,0,0,0,0,0,0,0,0,0,0,12,0,0,0,0,0,0,0,0,1,0,37,0,0,2,0,0,0,0,0,0,0,0,37,0,32,0,0,0,0,0,27,1,0,0,1,3,0,5,0,6,0,0,0,59,2,0,0,2,0,0,0,0,0,0,0,1,0,0,7,0,0,0,0,2,0,0,0,1,0,0,0,0,0,0,0,0,57,2,0
"3050",0,0,0,0,0,0,0,0,0,0,0,0,0,0,29,1,0,0,0,0,0,0,0,0,0,0,0,0,0,0,0,0,0,0,0,0,0,0,0,0,0,0,0,0,0,1,0,0,0,1,0,0,0,0,0,0,0,0,0,0,0,0,1,0,0,0,0,0,0,0,0,96,0,0,0,3,0,0,0,85,0,0,0,0,0,0,0,0,0,0,0,0,0,0,0,0,0,0,0,0,0,0,0,0,0,111,2,0,0,23,0,0,0,0,0,107,0,0,0,0,0,0,0,0,0,0,0,0,3,0,0,0,1,0,59,0,4,0,5,88,0,0,0,0,0,0,0,0,0,0,3,0,0,0,0,0,0,0,0,0,0,0,0,0,0,0,14,0,0,24,95,0,0,0,0,0,0,0,10,0,0,10,0,0,0
"3053",0,0,0,0,0,0,0,0,0,0,0,6,0,0,11,0,0,7,0,0,0,0,3,0,0,0,0,0,0,0,0,0,0,0,0,0,0,0,0,0,0,0,0,0,0,0,0,0,0,0,0,10,10,0,0,0,0,0,0,0,0,0,9,0,0,0,0,0,0,0,0,22,0,0,0,0,0,0,0,12,0,0,0,0,0,0,0,0,0,0,0,0,0,0,0,0,0,0,0,12,0,4,0,0,0,69,7,0,1,0,0,0,0,0,0,25,0,0,0,0,0,0,0,0,0,0,0,0,0,0,0,0,0,0,4,0,0,0,0,35,3,1,0,0,0,0,0,0,0,0,5,0,0,0,0,0,0,0,0,0,12,0,0,0,0,0,0,0,0,0,46,0,0,0,0,0,0,0,0,1,0,1,0,0,31
"3055",0,0,0,0,0,0,0,0,0,0,0,0,0,0,7,0,0,11,0,0,0,0,0,0,0,0,0,0,0,0,0,0,0,0,0,0,0,0,0,0,0,0,0,0,0,0,0,0,0,0,0,2,1,0,0,0,0,0,0,0,0,0,3,0,0,0,0,0,0,0,0,15,0,0,0,0,1,0,0,4,0,0,0,0,0,0,0,0,0,0,0,0,0,0,0,0,0,0,0,5,0,24,0,0,0,69,0,0,2,0,0,0,0,0,0,56,0,0,0,0,0,0,0,0,0,0,0,0,0,0,0,0,1,0,1,0,4,0,1,48,0,0,0,0,0,0,0,0,0,0,5,0,0,0,0,0,0,0,0,0,0,0,0,0,0,0,0,0,0,0,53,0,0,0,0,0,0,0,0,0,0,0,0,0,69
"3058",3,0,0,0,0,0,0,0,0,0,0,0,0,0,0,0,0,0,0,7,0,0,3,0,0,0,0,0,0,0,0,0,0,0,0,0,0,0,0,0,0,0,0,0,0,0,0,0,0,0,0,0,0,0,0,0,0,0,0,0,0,0,20,0,0,0,0,0,0,0,0,0,0,0,0,0,1,0,0,1,0,0,0,0,6,0,0,0,0,0,0,0,0,1,0,0,0,0,0,0,0,0,0,0,0,84,0,0,0,0,0,0,0,0,0,0,1,0,0,0,0,0,0,0,0,0,0,0,0,0,0,0,0,0,0,0,7,0,0,0,0,0,0,0,0,0,0,0,0,0,0,0,0,0,0,0,0,0,0,0,1,0,0,0,0,0,0,0,0,0,32,0,0,0,0,0,0,0,0,1,0,9,0,0,0
"3059",0,0,0,0,0,0,0,0,0,0,0,0,0,0,60,0,0,0,0,0,0,0,1,0,0,0,0,0,0,0,0,0,0,0,0,0,0,0,0,0,0,0,0,0,0,0,0,0,0,0,0,0,0,0,0,0,0,0,0,0,0,0,1,0,0,0,0,0,0,0,0,104,0,0,0,76,0,0,0,19,0,0,0,0,0,0,0,0,0,59,0,0,0,0,0,0,0,0,0,4,0,2,0,0,0,119,1,0,1,0,0,0,0,0,0,115,0,0,0,0,0,0,0,0,0,0,0,0,0,0,0,0,0,0,94,0,0,0,5,96,15,0,0,0,0,8,0,0,0,0,0,0,0,0,0,0,0,0,0,0,1,0,0,0,0,0,0,0,0,0,1,0,0,0,0,0,0,0,0,1,0,0,4,0,120
"3060",0,0,0,0,0,0,0,0,0,0,0,0,0,0,23,2,0,5,0,0,0,0,4,0,0,0,0,0,0,0,0,0,0,0,0,0,0,0,0,0,0,0,0,0,0,3,0,0,0,0,0,8,0,0,0,0,0,0,0,0,0,0,12,0,0,0,0,0,0,0,0,77,0,0,0,8,0,0,0,32,0,0,0,0,0,0,0,0,0,0,0,0,0,0,0,0,0,0,0,0,0,0,0,0,0,116,12,0,0,0,0,0,0,0,0,109,0,0,0,0,0,0,0,0,0,0,0,0,0,0,0,0,0,0,0,0,8,0,0,15,7,0,0,2,0,7,0,0,0,0,0,0,0,0,0,0,0,0,0,0,1,0,0,0,0,0,0,0,0,0,106,0,0,0,0,0,0,0,12,2,0,11,2,0,116
"3062",2,0,0,0,0,0,0,0,0,0,0,0,0,0,18,0,0,0,0,76,0,0,16,0,0,0,0,0,0,0,0,0,0,0,0,0,0,0,0,0,0,0,0,0,0,0,0,0,0,0,0,0,0,0,0,0,0,0,0,0,0,0,70,0,0,0,0,0,0,0,0,0,0,0,0,0,0,0,0,0,0,0,0,0,25,0,0,0,0,0,0,0,0,0,0,0,0,0,0,0,0,0,0,0,0,14,0,0,0,0,0,0,0,0,0,3,0,0,0,0,0,0,0,0,0,0,0,0,0,0,0,0,0,0,0,0,10,0,0,0,0,0,0,0,0,0,0,0,0,0,0,0,0,0,0,0,0,0,0,0,0,0,0,0,0,0,2,0,0,0,19,4,0,0,0,0,0,5,1,0,0,0,0,0,0
"3064",0,0,0,0,0,0,0,0,0,0,0,0,0,0,14,0,0,19,0,0,0,0,2,0,0,0,3,0,0,0,0,0,0,0,0,0,0,0,0,0,0,0,0,0,0,0,0,0,0,0,0,0,0,0,0,0,0,0,0,0,0,0,4,0,0,0,0,0,0,0,0,24,0,0,0,3,0,0,0,10,0,0,0,0,0,0,0,0,0,2,0,0,0,0,0,0,0,0,0,0,0,0,0,0,0,51,3,0,0,0,0,0,0,0,0,56,0,0,0,1,0,0,0,0,0,0,0,0,0,0,0,0,1,0,2,0,7,0,0,21,2,0,0,1,0,9,0,0,0,0,22,2,0,0,1,0,0,0,0,0,1,0,0,0,0,0,0,0,0,0,50,0,0,0,0,0,0,0,0,1,0,0,2,0,68
"3077",0,0,0,0,0,0,0,0,0,0,0,0,0,0,59,0,5,26,0,0,0,0,3,0,0,0,0,0,0,0,0,0,0,0,0,0,0,0,0,0,0,0,0,0,0,0,0,0,0,0,0,1,0,2,0,0,0,0,0,0,0,0,4,0,0,0,0,0,0,0,0,67,0,0,1,8,0,1,0,29,0,0,0,0,0,0,0,0,6,1,0,0,0,0,0,0,0,0,0,1,0,4,0,0,0,52,2,0,1,56,0,0,3,0,0,65,0,0,0,0,0,0,0,0,0,0,0,0,0,0,0,0,2,0,16,0,5,1,6,46,1,0,0,0,0,0,0,0,0,6,2,0,0,0,0,0,0,0,0,0,4,1,0,0,0,0,5,0,0,0,19,0,0,43,0,0,0,0,0,0,0,1,2,0,0
"3079",0,0,0,0,0,0,0,0,0,0,0,46,0,0,58,0,0,21,0,0,0,0,0,0,0,0,1,0,0,0,0,0,0,0,0,0,0,0,0,0,0,0,0,0,0,0,0,0,0,0,0,23,2,0,0,0,0,0,0,0,0,0,0,0,0,0,0,0,0,0,0,47,0,0,0,0,0,0,0,2,0,0,0,0,0,0,0,0,0,0,0,0,0,0,0,0,0,0,0,2,0,1,0,0,0,73,6,0,0,29,0,0,0,0,0,46,0,0,0,0,0,0,0,0,0,0,0,0,0,0,0,0,0,0,14,0,3,0,1,25,6,0,0,0,0,0,0,0,0,0,0,0,0,0,0,0,0,0,0,0,15,0,0,0,0,0,0,0,0,0,41,0,0,39,0,0,0,0,0,0,0,4,3,0,64
"3081",2,13,0,0,0,0,0,0,0,0,0,2,0,0,8,0,0,52,0,16,0,0,13,0,0,0,0,0,0,0,0,0,0,0,0,0,0,0,0,0,0,0,0,6,0,0,0,0,0,0,3,0,0,0,1,0,0,0,30,0,0,0,10,0,0,0,0,0,0,0,0,6,0,0,0,0,2,0,0,16,0,0,0,0,4,0,0,0,0,1,0,0,0,0,0,0,0,0,0,0,0,0,0,0,0,48,10,0,0,0,19,0,0,0,0,6,55,0,0,0,0,0,0,0,0,0,0,0,0,0,0,0,1,0,0,0,28,0,0,0,0,0,0,0,0,2,0,0,24,0,16,0,0,0,0,0,0,0,0,0,20,0,0,0,0,0,5,0,0,0,6,0,0,37,0,0,1,28,0,0,0,13,16,0,0
"3086",0,0,0,0,0,0,0,0,0,0,0,0,0,0,0,0,0,1,0,1,0,0,0,0,0,0,0,0,0,0,0,0,0,0,0,0,0,0,0,0,0,0,0,0,0,0,0,0,0,0,0,0,0,0,0,0,0,0,0,0,0,0,31,0,0,0,0,0,0,0,0,0,0,0,0,0,0,0,0,3,0,0,0,0,0,0,0,0,0,0,0,0,0,0,0,0,0,0,0,0,0,0,0,0,0,43,1,0,0,10,0,0,0,0,0,2,3,0,0,0,0,0,0,0,0,0,0,0,0,0,0,0,2,0,0,0,33,0,0,0,0,0,0,0,0,0,0,0,0,0,0,0,0,0,0,0,0,0,0,0,0,0,0,0,0,0,0,0,0,0,14,0,0,0,0,0,0,0,0,0,0,5,0,0,0
"3087",0,13,0,0,0,0,0,0,20,0,15,0,0,0,5,0,0,0,0,2,2,0,13,0,0,6,0,0,0,0,1,0,0,0,0,0,0,0,0,0,0,0,0,21,0,0,0,0,28,0,0,0,0,0,19,0,0,0,0,0,0,0,3,0,1,0,0,0,6,0,0,1,0,0,0,2,0,0,0,12,0,2,0,0,1,0,0,0,0,0,0,0,0,1,0,23,0,0,0,0,0,0,0,0,0,0,5,0,0,0,4,0,0,0,0,0,46,0,0,0,0,0,0,0,0,0,0,0,0,0,1,0,0,0,0,0,7,0,0,0,0,0,0,0,0,0,0,0,20,0,1,0,0,0,0,1,0,0,0,0,0,0,0,0,0,0,1,0,0,0,0,0,0,18,0,0,2,36,0,0,0,3,16,9,0
"3088",0,0,0,0,0,0,0,0,0,0,0,0,0,0,2,0,0,1,0,8,0,0,4,0,0,0,0,0,0,0,0,0,0,0,0,0,0,0,0,0,0,0,0,0,0,0,0,0,5,0,0,0,0,0,0,0,0,0,0,0,0,0,40,0,0,0,0,0,0,0,0,0,0,0,0,0,0,0,0,1,0,0,0,1,0,0,0,0,0,0,0,0,0,0,0,0,0,0,0,0,0,0,0,0,0,19,1,0,0,1,0,0,0,0,0,0,6,0,0,0,1,0,0,0,0,0,0,0,1,0,2,0,0,0,0,0,7,0,0,0,0,0,0,0,0,2,0,0,0,0,0,0,0,0,0,0,0,0,0,0,0,0,0,0,0,0,1,0,0,0,1,0,0,1,0,0,0,0,0,0,0,15,0,0,0
"3090",0,0,0,0,0,0,0,0,3,0,0,22,0,0,25,0,0,15,0,5,2,0,1,0,0,2,0,0,0,0,3,0,0,0,0,0,0,0,0,0,0,0,0,0,0,0,0,0,0,0,0,0,1,0,0,0,0,0,0,0,0,0,6,0,0,0,0,0,3,0,0,7,0,0,0,0,0,1,0,10,0,0,0,0,2,0,0,0,0,0,0,0,0,0,0,0,0,0,0,0,0,0,0,0,0,49,0,0,0,20,2,0,0,0,3,6,7,0,1,1,0,0,0,0,0,0,0,0,0,0,0,0,0,0,0,0,20,0,1,1,1,0,0,0,0,0,0,0,0,0,1,0,0,0,0,0,0,0,0,0,0,0,0,0,0,0,0,0,0,0,34,0,0,26,0,0,0,1,0,0,0,0,0,1,2
"3091",2,6,0,0,0,0,0,0,3,0,64,0,0,0,2,0,0,0,2,1,0,0,10,0,0,4,2,0,0,0,0,0,0,0,0,0,0,0,0,0,0,0,0,7,0,0,0,0,8,0,0,1,0,0,11,0,0,0,0,0,0,0,3,0,0,0,0,0,0,0,0,0,0,0,0,0,0,40,0,11,0,0,0,0,0,0,0,0,0,0,0,0,0,3,0,59,0,0,0,0,0,0,0,0,0,0,39,0,0,0,1,0,0,0,0,0,10,0,0,0,0,0,0,0,0,0,0,0,10,0,1,0,0,4,0,0,10,0,0,0,0,1,0,0,0,0,0,0,20,0,0,0,0,0,0,1,0,0,0,0,0,0,0,0,0,0,1,0,0,0,0,0,0,16,0,0,1,7,0,0,0,1,47,16,0
"3092",0,0,0,0,0,0,0,0,0,0,0,1,0,0,6,1,0,0,0,0,0,0,7,0,0,0,5,0,0,0,0,0,0,0,0,0,0,0,0,0,0,0,0,0,0,0,0,0,0,0,0,36,0,0,0,0,0,0,0,0,0,0,1,0,0,0,0,0,0,0,0,43,0,0,0,4,2,0,0,9,0,0,0,0,0,0,0,0,0,4,0,0,0,0,0,0,0,0,0,0,0,0,0,0,0,41,0,0,0,20,0,0,0,0,0,103,0,0,0,0,0,0,0,0,0,0,0,0,0,0,0,0,1,0,4,0,0,0,0,114,29,0,0,1,0,9,0,0,5,0,23,0,0,0,3,3,0,0,0,0,0,0,0,0,0,0,3,0,0,0,61,0,0,7,0,0,0,0,0,1,0,2,0,1,98
"3094",0,0,0,0,0,0,0,0,0,0,0,1,0,0,1,0,0,6,0,42,0,0,36,0,0,0,1,0,0,0,0,0,0,0,0,0,0,0,0,0,0,0,0,2,0,0,0,0,1,0,18,4,0,0,0,0,0,0,0,0,0,0,36,0,0,0,0,0,2,63,0,6,0,0,0,0,0,0,0,6,0,0,0,0,26,0,0,0,0,1,0,0,0,0,0,0,0,0,0,0,0,0,0,0,0,23,3,0,0,0,0,0,0,0,0,4,1,0,0,2,0,0,0,0,0,0,0,0,0,0,0,0,0,0,0,0,2,0,0,0,1,0,0,0,0,0,0,0,3,0,8,1,0,0,0,1,0,0,0,0,3,0,0,0,1,0,6,0,0,0,15,0,0,6,0,0,0,0,0,3,0,18,13,0,0
"3097",3,17,0,0,0,0,0,0,10,0,0,17,0,0,26,0,0,1,0,16,0,0,24,0,0,1,0,0,0,0,1,0,0,0,0,0,0,0,0,0,0,0,0,3,0,0,0,0,31,0,0,0,0,1,1,0,1,0,0,0,0,0,2,0,1,0,0,0,0,0,0,2,0,0,0,1,0,0,0,6,34,5,0,1,0,0,0,0,0,0,0,0,0,0,0,3,0,0,0,0,0,1,0,0,0,8,9,0,0,1,4,0,0,0,0,4,8,0,0,8,2,0,0,0,0,0,0,0,0,0,2,0,1,0,0,0,18,0,0,0,0,3,0,4,0,0,0,0,9,0,6,0,0,0,0,5,0,0,0,0,0,1,0,0,0,0,23,0,0,26,2,0,0,32,0,0,0,1,0,1,0,19,25,3,0
"3099",0,0,0,0,0,0,0,0,1,0,0,0,0,0,29,1,0,13,0,8,0,0,3,0,0,0,0,0,0,0,0,0,0,0,0,0,0,0,0,0,0,0,0,0,0,0,0,0,0,0,0,7,0,0,0,0,0,0,0,0,0,0,1,0,0,0,0,0,1,0,0,26,0,0,0,0,0,0,0,5,0,0,0,0,1,0,0,0,0,0,0,0,0,4,0,0,0,0,0,0,0,0,0,0,0,45,5,0,0,0,1,0,0,0,0,11,0,0,0,0,0,0,0,0,0,0,0,0,0,0,0,0,1,0,0,0,23,0,0,5,0,0,0,1,0,0,0,0,0,0,4,0,0,0,0,0,0,0,0,0,7,0,0,0,0,0,3,0,0,0,31,0,0,0,0,0,0,0,0,0,0,1,1,0,1
"3100",3,14,0,0,0,0,0,0,9,0,5,0,0,0,4,1,0,0,0,15,0,0,23,0,0,0,0,0,0,0,0,0,0,0,0,0,0,0,0,0,0,0,0,1,0,0,0,0,7,0,0,0,0,0,0,0,33,0,0,0,0,0,0,0,1,0,0,0,0,0,0,9,0,0,0,0,0,0,0,3,2,0,0,0,0,0,0,0,0,0,0,0,0,0,0,1,0,0,0,0,0,0,0,0,0,13,11,0,0,2,4,0,0,0,0,9,3,0,0,9,0,0,0,0,0,0,0,0,0,0,0,0,0,0,0,0,2,0,0,3,0,1,0,0,0,1,0,0,1,0,2,0,0,0,0,0,0,0,0,0,0,0,0,0,3,0,5,0,0,11,5,0,0,5,0,0,0,0,16,0,0,4,10,0,0
"3101",4,29,0,0,0,0,0,0,5,0,0,2,0,0,4,0,0,0,0,9,0,0,18,0,0,0,1,0,0,0,0,0,0,0,0,0,0,0,0,0,0,0,0,1,0,0,0,0,9,1,0,0,0,0,0,0,9,0,0,0,0,0,0,0,0,0,0,0,0,0,0,1,0,0,0,2,0,0,0,9,5,2,0,0,0,0,0,0,0,0,0,0,0,0,0,0,0,0,0,0,0,0,0,0,0,5,23,0,0,1,0,0,0,0,1,5,2,0,0,8,1,0,0,0,0,0,0,0,0,0,0,0,0,0,0,0,1,0,0,1,0,0,0,3,0,0,0,0,1,0,0,0,0,2,0,0,0,0,0,0,0,3,0,0,2,0,3,0,0,25,5,0,0,10,0,0,0,2,1,0,0,1,0,0,0
"3104",0,16,0,0,0,1,0,0,4,0,0,32,0,0,22,0,0,7,0,6,0,0,34,0,0,4,6,0,0,0,0,0,0,0,0,0,0,0,0,0,0,0,0,6,0,0,0,0,16,0,0,8,0,0,2,0,6,0,0,0,0,0,3,0,4,0,0,0,0,0,0,11,0,0,1,0,0,2,0,3,41,0,0,0,0,0,0,0,2,0,1,0,0,1,0,28,0,0,0,0,0,0,0,0,0,15,10,0,0,0,6,0,0,0,1,0,28,0,0,10,0,0,0,0,0,0,0,0,0,0,0,0,1,0,0,0,47,0,1,6,2,0,0,1,0,0,0,0,14,18,3,0,0,0,0,1,0,0,0,0,12,2,0,0,0,0,3,0,0,27,6,0,0,29,0,0,0,1,0,0,0,4,35,0,0
"3105",1,0,0,0,0,0,0,0,2,0,0,0,0,0,7,0,0,0,0,0,0,0,1,0,0,0,0,0,0,0,0,0,0,0,0,0,0,0,0,0,0,0,0,0,0,0,0,0,0,0,0,0,0,0,0,0,0,0,0,0,0,0,6,0,0,0,0,0,0,0,0,0,0,0,0,3,0,0,0,1,20,0,0,0,0,0,0,0,0,1,0,0,0,0,0,0,0,0,0,0,0,0,0,0,0,16,15,0,0,0,0,0,0,0,0,23,0,0,0,4,0,0,0,0,0,0,0,0,0,0,0,0,0,0,0,0,4,1,0,2,17,0,0,0,0,0,0,0,0,1,22,0,0,0,0,0,0,0,0,0,0,0,0,0,0,0,7,0,0,19,21,0,0,2,0,0,0,0,0,0,0,0,1,0,48
"3107",1,0,0,0,0,0,0,0,0,0,0,2,0,0,20,0,0,20,0,1,0,0,3,0,0,0,8,0,0,0,0,0,0,0,0,0,0,0,0,0,0,0,0,0,0,0,0,0,0,1,0,23,2,0,0,0,0,0,0,0,0,0,13,0,0,0,0,0,0,0,0,3,0,0,0,1,0,0,0,10,0,0,0,0,1,0,0,0,0,6,0,0,0,3,0,0,0,0,0,1,0,0,0,0,0,35,7,0,0,29,0,0,0,0,1,23,0,0,0,0,0,0,0,0,0,0,0,0,0,0,0,1,0,0,2,0,2,0,1,4,3,1,0,2,0,0,0,0,0,0,2,0,0,0,0,0,0,0,0,0,1,0,0,0,0,0,4,0,0,13,56,0,0,1,0,0,0,0,10,0,0,6,0,1,1
"3113",0,0,0,0,0,0,0,0,0,0,0,0,0,0,4,0,0,6,0,0,0,0,0,0,0,0,0,0,0,0,0,0,0,0,0,0,0,0,0,0,0,0,0,0,0,3,0,0,0,0,0,0,0,0,0,0,0,0,0,0,0,0,1,0,0,0,0,0,0,0,0,40,0,0,0,0,0,0,0,0,0,0,0,0,0,0,0,0,0,2,0,0,0,0,0,0,0,0,0,10,0,21,0,0,0,56,1,0,12,0,0,0,0,0,0,52,0,0,0,0,0,0,0,0,0,0,0,0,0,0,0,0,0,0,0,0,0,0,0,52,0,0,0,0,0,0,0,0,0,0,1,0,0,0,0,0,0,0,0,0,0,0,0,0,0,0,0,0,0,0,42,0,0,0,0,0,0,0,0,0,0,1,0,0,62
"3116",3,0,0,0,0,0,0,0,0,0,0,4,0,0,30,0,0,0,0,0,0,0,0,0,0,0,0,0,0,0,0,0,0,0,0,0,0,0,0,0,0,0,0,0,0,4,0,0,0,0,0,2,0,0,0,0,0,0,0,0,0,0,0,0,0,0,0,0,0,0,0,2,0,0,0,1,0,0,0,1,0,0,0,0,0,0,0,0,0,5,0,0,0,0,0,0,0,0,0,0,0,0,0,0,0,116,59,0,0,0,0,0,0,0,0,67,0,0,0,2,0,0,0,0,0,0,0,0,0,0,0,0,0,0,11,0,12,0,1,44,0,0,0,0,0,0,0,0,0,0,0,0,0,0,0,0,0,0,0,0,0,0,0,0,0,0,0,0,0,0,51,0,0,0,0,0,0,0,0,0,0,0,0,0,30
"3117",2,0,0,0,0,0,0,0,0,0,0,10,0,0,7,0,0,38,0,0,0,0,1,0,0,0,7,0,0,0,0,0,0,0,0,0,0,0,0,0,0,0,0,0,0,0,0,0,0,0,0,4,0,0,0,0,0,0,0,0,0,0,4,0,0,0,0,0,0,0,0,9,0,0,0,0,0,0,0,5,0,0,0,0,0,0,0,0,0,1,0,0,0,0,0,0,0,0,0,0,0,0,0,0,0,83,5,0,0,0,0,0,0,0,0,92,0,0,0,0,0,0,0,0,0,0,0,0,0,0,0,0,0,0,0,0,10,0,1,42,0,0,0,0,0,4,0,0,0,0,0,0,0,0,0,0,0,0,0,0,7,0,0,0,0,0,0,0,0,0,87,0,0,0,0,0,0,0,0,3,0,0,0,0,81
"3125",1,11,0,0,0,7,0,0,15,0,0,5,0,0,0,0,0,28,0,2,3,0,16,0,0,16,4,0,0,0,0,0,0,0,0,0,0,0,0,0,0,0,0,2,0,0,0,0,7,0,0,0,0,1,0,0,0,0,0,0,0,0,2,0,13,0,0,0,2,0,0,25,0,0,0,2,0,0,0,2,0,0,0,0,0,0,0,0,0,0,42,0,0,0,0,23,0,0,0,0,0,0,0,0,0,6,3,0,0,0,37,0,0,0,0,4,54,0,1,0,0,0,0,0,0,0,0,0,17,0,0,0,0,0,0,0,2,0,0,1,0,0,0,0,0,3,0,0,22,4,24,0,0,2,0,0,0,0,0,0,2,0,0,0,1,0,0,0,0,0,2,0,0,4,0,0,1,28,4,0,0,0,27,0,0
"3126",2,3,0,0,0,0,0,0,2,0,0,0,0,0,0,0,0,0,0,29,0,0,36,0,0,0,0,0,0,0,0,0,0,0,0,0,0,0,0,0,0,0,0,0,0,0,0,0,22,0,0,0,0,0,0,0,0,0,0,0,0,0,45,0,2,0,0,0,7,0,0,0,0,0,0,4,0,3,0,2,0,8,0,2,3,0,0,0,3,0,1,0,0,0,0,0,0,0,0,0,0,0,0,0,0,3,0,0,0,0,0,0,0,0,11,1,0,0,0,4,1,0,0,0,0,0,0,0,0,0,0,0,2,0,0,0,1,0,0,1,3,0,0,2,0,2,0,0,0,0,3,44,0,0,2,2,0,0,0,0,0,7,0,0,0,0,12,0,0,0,0,0,0,0,0,0,0,0,0,1,0,0,0,0,0
"3127.5",0,0,0,0,0,0,0,0,0,0,0,0,0,0,6,0,0,51,0,0,0,0,0,0,0,0,0,0,0,0,0,0,0,0,0,0,0,0,0,0,0,0,0,0,0,30,0,0,0,0,0,19,60,0,0,0,0,0,0,0,0,0,0,0,0,0,0,0,0,0,0,2,0,0,0,6,0,0,0,0,0,0,0,0,0,0,0,0,0,0,0,0,0,0,0,0,0,0,0,13,0,1,0,0,0,120,1,0,0,0,0,0,0,0,0,39,0,0,0,0,0,0,0,0,0,0,0,0,0,0,0,0,0,0,4,0,0,0,0,93,0,0,0,0,0,0,0,0,0,0,0,0,0,0,0,0,0,0,0,0,0,0,0,0,0,0,1,0,0,0,117,0,0,0,0,0,0,0,0,0,0,0,0,0,15
"3129",0,0,0,0,0,0,0,0,0,0,0,28,0,0,39,1,0,6,0,0,0,0,0,0,0,0,0,0,0,0,0,0,0,0,0,0,0,0,0,0,0,0,0,0,0,6,0,0,0,0,0,0,0,0,0,0,0,0,0,0,0,0,0,0,0,0,0,0,0,0,0,0,0,0,0,5,0,0,0,0,0,0,0,0,0,0,0,0,0,6,0,0,0,0,0,0,0,0,0,0,0,0,0,0,0,98,10,0,1,0,0,0,0,0,0,83,0,0,0,0,0,0,0,0,0,0,0,0,0,0,0,0,0,0,6,0,0,0,1,57,0,0,0,0,0,0,0,0,0,0,0,0,0,0,0,0,0,0,0,0,0,0,0,0,0,0,0,0,0,0,112,0,0,0,0,0,0,0,2,0,0,0,0,0,49
"3130",0,0,0,0,0,0,0,0,0,0,0,0,0,0,58,0,0,0,0,0,0,0,0,0,0,0,0,0,0,0,0,0,0,0,0,0,0,0,0,0,0,0,0,0,0,0,0,0,0,0,0,0,0,0,0,0,0,0,0,0,0,0,0,0,0,0,0,0,0,0,0,0,0,0,0,0,0,0,0,0,0,0,0,0,0,0,0,0,0,0,0,0,0,0,0,0,0,0,0,0,0,0,0,0,0,18,40,0,0,0,0,0,0,0,0,99,0,0,0,5,0,0,0,0,0,0,0,0,0,0,0,0,0,0,0,0,10,0,1,10,12,0,0,0,0,0,0,0,0,0,3,0,0,0,0,0,0,0,0,0,0,0,0,0,0,0,0,0,0,0,103,0,0,0,0,0,0,0,20,0,0,0,0,0,28
"3132",0,0,0,0,0,0,0,0,0,0,0,0,0,0,5,0,0,49,0,0,0,0,0,0,0,0,0,0,0,0,0,0,0,0,0,0,0,0,0,0,0,0,0,0,0,7,0,0,0,0,0,23,1,0,0,0,0,0,0,0,0,0,2,0,0,0,0,0,0,0,0,0,0,0,0,3,0,0,0,0,0,0,0,0,1,0,0,0,0,0,0,0,0,0,0,0,0,0,0,0,0,0,0,0,0,118,9,0,0,7,0,0,0,0,0,36,0,0,0,0,0,0,0,0,0,0,0,0,0,0,0,0,0,0,4,0,8,0,0,29,6,0,0,0,0,0,0,0,0,0,0,0,0,0,0,0,0,0,0,0,0,0,0,0,0,0,0,0,0,0,96,0,0,0,0,0,0,0,6,0,0,0,0,0,0
"3134",0,0,0,0,0,0,0,0,0,0,0,0,0,0,0,0,0,4,0,2,0,0,1,0,0,8,0,0,0,0,0,0,0,0,0,0,0,0,0,0,0,0,0,0,0,0,0,0,0,0,0,33,3,0,0,0,0,0,0,0,0,0,70,0,0,0,0,0,0,0,0,0,0,0,0,0,0,0,0,0,0,0,0,0,0,0,0,0,0,6,0,0,0,0,0,0,0,0,0,0,0,0,0,0,0,91,0,0,0,15,0,0,0,0,0,7,0,0,1,0,0,0,0,0,0,0,0,0,0,0,0,0,0,0,0,0,2,0,0,0,1,0,0,0,0,3,0,0,0,0,0,0,0,0,0,0,0,0,0,0,1,0,0,0,0,0,0,0,0,0,94,0,0,0,0,0,0,0,0,0,0,0,0,0,0
"3139",0,0,0,0,0,0,0,0,0,0,0,0,0,0,14,0,0,17,0,0,0,0,2,0,0,0,13,0,0,0,0,0,0,0,0,0,0,0,0,0,0,0,0,0,0,0,0,0,0,0,0,110,1,0,0,0,0,0,0,0,0,0,5,0,0,0,0,0,0,0,0,5,0,0,0,0,1,0,0,1,0,0,0,0,1,0,0,0,0,2,0,0,0,0,0,0,0,0,0,0,0,0,0,0,0,110,2,0,0,45,0,0,0,0,2,33,0,0,0,4,0,0,0,0,0,0,0,0,0,0,0,0,0,0,0,0,3,0,0,70,1,0,0,0,0,1,0,0,0,0,0,0,0,0,0,0,0,0,0,0,0,0,0,0,0,0,0,0,0,0,82,0,0,0,0,0,0,0,7,2,0,0,0,3,0
"3140",0,0,0,0,0,0,0,0,0,0,0,3,0,0,44,0,0,28,0,0,0,0,5,0,0,0,24,0,0,0,0,0,0,0,0,0,0,0,0,0,0,0,0,0,0,0,0,0,0,0,0,2,70,0,0,0,0,0,0,0,0,0,56,0,0,0,0,0,0,0,0,0,0,0,0,0,0,0,0,0,0,0,0,0,4,0,0,0,0,0,0,0,0,0,0,0,0,0,0,0,0,0,0,0,0,100,0,0,0,8,0,0,0,0,0,65,0,0,12,10,0,0,0,0,0,0,0,0,0,0,0,0,0,0,0,0,1,0,0,15,9,0,0,0,0,19,0,0,0,0,0,0,0,0,0,0,0,0,0,0,0,0,0,0,0,0,0,0,0,0,107,0,0,0,0,0,0,2,0,0,0,0,0,0,0
"3142",0,0,0,0,0,0,0,0,0,0,0,1,0,0,4,0,0,2,0,0,0,0,9,0,0,0,1,0,0,0,0,0,0,0,0,0,0,0,0,0,0,0,0,0,0,1,0,0,0,0,0,0,0,0,0,0,0,0,0,0,0,0,7,0,0,0,0,0,0,0,0,1,0,0,0,0,0,0,0,3,0,0,0,0,0,0,0,0,0,0,0,0,0,0,0,0,0,0,0,0,0,2,0,0,0,39,15,0,0,0,0,0,0,0,0,27,0,0,0,0,0,0,0,0,0,0,0,0,0,0,0,0,2,0,0,0,12,0,0,16,2,0,0,0,0,0,0,0,0,0,7,1,0,0,0,0,0,0,0,0,2,1,0,0,0,0,0,0,0,0,37,0,0,0,0,0,0,0,0,2,0,4,0,0,4
"3144",5,12,0,0,0,0,0,0,0,0,0,0,0,0,0,0,0,0,11,72,0,0,16,0,0,2,0,0,0,3,0,0,0,0,0,0,0,0,0,0,0,0,0,21,0,0,0,0,5,0,0,1,0,0,0,0,0,0,0,0,0,0,55,0,0,0,0,0,0,0,0,0,0,0,0,0,49,0,0,5,0,0,0,1,8,6,0,0,0,0,0,0,0,14,0,0,0,0,0,0,0,0,0,0,0,21,37,0,0,0,0,0,0,0,0,1,24,0,0,0,0,0,0,0,0,0,0,0,0,0,0,0,8,0,0,0,3,0,0,0,0,0,0,5,0,0,0,0,6,0,3,0,0,0,0,5,0,0,0,0,0,0,0,0,1,0,9,0,0,0,5,0,0,15,0,0,0,7,0,0,0,18,48,0,0
"3146",2,0,0,0,0,0,0,0,0,0,0,0,0,0,48,0,0,4,0,3,0,0,15,0,0,0,0,0,0,0,0,0,0,0,0,0,0,0,0,0,0,0,0,1,0,0,0,0,0,0,0,0,0,0,0,0,0,0,0,0,0,0,4,0,0,0,0,0,0,0,0,12,0,0,0,0,0,0,0,1,0,0,0,0,3,0,0,0,0,8,0,0,0,0,0,0,0,0,0,0,0,0,0,0,0,62,46,0,0,0,0,0,0,0,0,8,2,0,0,10,0,0,0,0,0,0,0,0,0,0,0,0,0,0,0,0,42,0,3,0,0,0,0,0,0,0,0,0,0,0,0,0,0,0,0,0,0,0,0,0,5,0,0,0,0,0,3,0,0,1,27,0,0,33,0,0,0,1,0,0,0,4,6,0,0
"3147",2,0,0,0,0,0,0,0,0,0,0,0,0,0,2,0,0,13,0,5,0,0,34,0,0,0,0,0,0,0,0,0,0,0,0,0,0,0,0,0,0,0,0,2,0,0,0,0,0,3,0,0,1,0,1,0,0,0,0,0,0,0,5,0,0,0,0,0,0,0,0,10,0,0,0,0,2,0,0,29,0,0,0,0,0,0,0,0,0,13,0,0,0,0,0,0,0,0,1,1,0,0,0,0,0,59,55,0,0,0,0,0,0,0,0,6,2,0,0,1,0,0,0,0,0,0,0,0,0,0,0,0,39,0,0,0,13,0,0,0,0,0,0,4,0,0,0,0,0,0,0,0,0,0,1,0,0,0,0,0,2,0,0,0,0,0,27,0,0,24,12,0,0,7,0,0,0,2,1,0,0,23,3,0,0
"3148",0,0,0,0,0,0,0,0,12,0,0,0,0,0,50,1,0,4,0,0,0,0,3,0,0,0,0,0,0,0,0,0,0,0,0,0,0,0,0,0,0,0,0,0,0,0,0,0,0,0,0,1,0,0,0,0,0,0,0,0,0,0,1,0,0,0,0,0,0,0,0,25,0,0,0,0,0,0,0,4,0,0,0,0,0,0,0,0,0,0,0,0,0,0,0,0,0,0,0,0,0,0,0,0,0,50,39,0,0,0,0,0,0,0,0,23,0,0,0,1,0,0,0,0,0,0,0,0,0,0,0,0,0,0,0,0,10,0,5,26,4,0,0,0,0,1,0,0,0,0,12,0,0,0,0,0,0,0,0,0,3,0,0,0,0,0,2,0,0,1,29,0,0,0,0,0,0,0,2,2,0,1,4,0,0
"3149",0,0,0,0,0,0,0,0,0,0,0,0,0,0,4,0,0,2,0,0,0,0,0,0,0,0,0,0,0,0,0,0,0,0,0,0,0,0,0,0,0,0,0,0,0,0,0,0,0,0,0,4,0,0,0,0,0,0,0,0,0,0,0,0,0,0,0,0,0,0,0,19,0,0,0,0,0,0,0,0,0,0,0,0,0,0,0,0,0,0,0,0,0,0,0,0,0,0,0,0,0,0,0,0,0,27,12,0,0,0,0,0,0,0,0,4,0,0,0,0,0,0,0,0,0,0,0,0,0,0,0,0,0,0,2,0,2,0,0,23,3,0,0,0,0,0,0,0,0,0,9,0,0,0,0,0,0,0,0,0,0,0,0,0,0,0,0,0,0,0,5,0,0,0,0,0,0,0,0,1,0,0,1,0,28
"3150",0,0,0,0,0,0,0,0,0,0,0,0,0,0,27,10,0,100,0,0,0,0,0,0,0,0,0,0,0,0,0,0,0,0,0,0,0,0,0,0,0,0,0,0,0,14,0,0,0,0,0,21,0,0,0,0,0,0,0,0,0,0,0,0,0,0,0,0,0,0,0,82,0,0,0,4,0,0,0,0,0,0,0,0,0,0,0,0,0,0,0,0,0,0,0,0,0,0,0,0,0,2,0,0,0,118,6,0,2,0,0,0,0,0,0,88,0,0,0,0,0,0,0,0,0,0,0,0,0,0,0,0,0,0,8,0,12,0,0,98,4,0,0,0,0,0,0,0,0,0,0,0,0,0,0,0,0,0,0,0,4,0,0,0,0,0,0,0,0,0,116,0,0,0,0,0,0,9,29,0,0,1,0,0,101
"3151",0,0,0,0,0,0,0,0,0,0,0,0,0,0,45,0,0,24,0,0,0,0,0,0,0,0,0,0,0,0,0,0,0,0,0,0,0,0,0,0,0,0,0,0,0,3,0,0,0,0,0,5,0,0,0,0,0,0,0,0,0,0,0,0,0,0,0,0,0,0,0,90,0,0,0,0,0,0,0,9,0,0,0,0,0,0,0,0,0,1,0,0,0,0,0,0,0,0,0,0,0,0,0,0,0,118,65,0,0,0,0,0,0,0,0,59,0,0,0,0,0,0,0,0,0,0,0,0,0,0,0,0,0,0,36,0,20,0,1,80,0,0,0,0,0,3,0,0,0,0,2,0,0,0,0,0,0,0,0,0,4,0,0,0,0,0,0,0,0,0,69,0,0,0,0,0,0,0,14,0,0,0,0,0,102
"3153",0,0,0,0,0,0,0,0,0,0,0,0,0,0,42,1,0,0,0,0,0,0,2,0,0,0,0,0,0,0,0,0,0,0,0,0,0,0,0,0,0,0,0,0,0,0,0,0,0,0,0,2,0,0,0,0,0,0,0,0,0,0,1,0,0,0,0,0,0,0,0,10,0,0,0,4,0,0,0,14,0,0,0,0,0,0,0,0,0,20,0,0,0,0,0,0,0,0,0,0,0,0,0,0,0,91,31,0,0,0,0,0,0,0,0,99,0,0,0,0,0,0,0,0,0,0,0,0,0,0,0,0,22,0,3,0,13,0,1,81,0,0,0,0,0,0,0,0,0,0,0,0,0,0,0,0,0,0,0,0,0,0,0,0,0,0,0,0,0,0,115,0,0,0,0,0,0,0,26,3,0,7,0,0,64
"3294",0,0,0,0,0,0,0,0,0,0,0,0,0,0,0,1,0,1,0,0,0,0,0,0,0,0,0,0,0,0,0,0,0,0,0,0,0,0,0,0,0,0,0,0,0,0,0,0,0,0,0,0,0,0,0,4,0,0,0,0,0,0,1,0,0,0,0,0,0,0,0,1,0,0,0,0,0,0,0,0,0,0,0,0,0,0,0,0,0,0,0,0,0,0,0,0,0,0,0,0,0,11,0,0,0,14,2,0,0,0,0,0,0,0,0,0,0,0,3,0,0,0,0,0,0,0,0,0,0,0,0,0,0,0,0,0,0,0,0,22,0,0,0,0,0,0,0,0,0,0,0,0,0,0,0,0,0,0,0,0,0,0,0,0,0,0,0,0,0,0,14,0,0,0,0,0,0,0,0,0,0,0,0,0,0
"3299",0,0,0,0,0,0,0,0,0,0,0,0,0,0,0,1,0,0,0,0,0,0,0,0,0,0,0,0,0,0,0,0,0,0,0,0,0,0,0,0,0,0,0,0,0,0,0,0,0,0,0,0,0,0,0,2,0,0,0,0,0,0,0,0,0,0,0,0,0,0,0,0,0,0,0,0,0,0,0,0,0,0,0,0,0,0,0,0,0,0,0,0,0,0,0,0,0,0,0,0,0,0,0,0,0,36,0,0,0,1,0,0,0,0,0,0,0,0,2,0,0,0,0,0,0,0,0,0,0,0,0,0,0,0,0,0,0,0,0,6,0,0,0,0,0,0,0,0,0,0,0,0,0,0,0,0,0,0,0,0,0,0,0,0,0,0,0,0,0,0,26,0,0,0,0,0,0,0,1,0,0,0,0,0,0
"3302",0,0,0,0,0,0,0,0,0,0,0,0,0,0,0,0,0,0,0,0,0,0,0,0,0,0,0,0,0,0,0,0,0,0,0,0,0,0,0,0,0,0,0,0,0,0,0,0,0,0,0,0,1,0,0,0,0,0,0,0,0,0,0,0,0,0,0,0,0,0,0,0,0,0,0,0,0,0,0,0,0,0,0,0,0,0,0,0,0,0,0,0,0,0,0,0,0,0,0,0,0,4,0,0,0,4,2,0,1,20,0,0,0,0,0,0,0,0,10,3,0,0,0,0,0,0,0,0,0,0,0,0,0,0,0,0,0,0,0,23,0,0,0,0,0,0,0,0,0,0,0,0,0,0,0,0,0,0,0,0,0,0,0,0,0,0,0,0,0,0,21,0,0,0,0,0,0,0,5,0,0,0,0,0,0
"3303",0,0,0,0,0,0,0,0,0,0,0,0,0,0,0,9,0,0,0,0,0,0,0,0,0,0,0,0,0,0,0,0,0,0,0,0,0,0,0,0,0,0,0,0,0,0,0,0,0,0,0,0,0,0,0,0,0,0,0,0,0,0,0,0,0,0,0,0,0,0,0,0,0,0,0,2,0,0,0,0,0,0,0,0,0,0,0,0,0,0,0,0,0,0,0,0,0,0,0,0,1,4,0,0,0,12,6,0,2,35,0,0,0,0,0,0,0,0,6,0,0,0,0,0,0,0,0,0,0,0,0,0,0,0,0,0,0,0,0,10,0,0,0,0,0,0,0,0,0,0,0,0,0,0,0,0,0,0,0,0,0,0,0,0,0,0,0,0,0,0,31,0,0,0,0,0,0,0,6,0,0,0,0,0,0
"3311",0,0,0,0,0,0,0,0,0,0,0,0,0,0,1,7,0,14,0,0,0,0,0,0,0,0,0,0,0,0,0,0,0,0,0,0,0,0,0,0,0,0,0,0,0,0,0,0,0,0,0,0,0,0,0,0,0,0,0,0,0,0,16,0,0,0,0,0,0,0,0,6,0,0,0,0,0,0,0,1,0,0,0,0,0,0,0,0,0,0,0,0,0,0,0,0,0,0,0,0,0,0,0,0,0,42,1,0,0,50,0,0,0,0,0,0,0,0,0,0,0,0,0,0,0,0,0,0,0,0,0,0,0,0,0,0,0,2,1,15,0,0,0,0,0,0,0,0,0,0,0,0,0,0,0,0,0,0,0,0,0,0,0,0,0,0,0,0,0,1,10,0,0,0,0,0,0,0,1,0,0,0,0,0,0
"4005",0,0,0,0,1,0,0,0,0,0,0,0,0,0,0,0,0,0,0,0,3,0,0,0,1,0,0,4,0,0,0,0,2,0,0,0,0,0,0,0,0,0,0,0,0,0,0,0,0,0,0,0,0,0,10,0,0,0,0,0,0,0,0,0,0,13,0,0,0,0,0,0,0,0,0,0,0,0,0,0,0,8,0,0,0,0,0,0,0,0,0,0,0,0,0,9,0,0,0,0,0,0,0,7,8,0,0,0,0,0,0,4,0,0,0,0,0,0,0,0,0,0,0,0,0,5,8,0,0,0,1,0,0,0,0,0,0,0,0,0,0,0,2,0,0,0,0,5,0,0,0,1,0,5,0,0,4,0,0,0,0,10,0,0,0,0,0,2,0,0,0,0,0,0,0,0,0,0,0,0,0,0,0,0,0
"4011",0,0,1,0,0,0,0,0,0,0,1,0,0,0,0,0,0,0,0,22,5,0,1,0,1,0,1,0,0,0,0,0,0,0,1,0,0,0,0,0,0,0,0,10,0,0,0,0,26,0,0,0,0,0,3,0,3,0,0,0,0,0,0,0,0,0,0,0,0,0,0,0,0,0,0,0,0,1,0,4,1,14,0,0,0,0,0,0,0,0,24,0,3,0,0,25,6,0,0,0,0,0,0,0,0,1,3,1,0,0,4,0,0,0,2,0,2,2,0,0,0,0,0,0,0,17,1,0,1,0,25,0,0,0,0,5,0,0,0,0,0,0,0,1,0,0,0,3,2,0,0,0,0,6,0,5,0,0,0,0,0,0,0,0,0,0,0,3,0,1,0,0,0,0,0,0,2,5,0,0,0,0,8,0,0
"4012",0,0,0,0,1,0,0,0,0,0,0,0,0,0,0,0,0,0,0,11,0,0,0,0,0,0,0,0,0,0,0,0,5,0,10,0,0,1,0,0,5,0,0,1,0,0,0,0,14,0,0,0,0,1,20,0,0,0,0,0,0,0,0,0,0,0,0,0,0,0,0,0,0,0,7,0,0,9,0,0,15,22,1,0,0,0,0,0,0,0,0,0,3,0,0,11,0,1,0,0,0,0,0,0,5,0,5,0,0,0,0,0,0,0,0,0,2,10,0,0,0,0,0,0,0,0,3,0,0,0,2,0,0,8,0,7,4,0,0,0,0,4,0,0,0,0,0,3,0,0,0,0,6,1,1,0,0,0,0,0,0,3,0,0,0,0,0,0,4,0,0,0,0,0,0,0,3,0,0,0,0,0,26,0,0
"4026",0,0,0,0,0,0,0,0,0,0,0,0,0,0,0,0,0,0,0,0,0,0,0,0,15,0,0,0,0,0,0,0,0,0,0,0,2,4,0,0,0,0,0,0,0,0,0,0,0,0,0,0,0,0,0,0,0,0,0,0,0,0,0,0,0,1,0,0,0,0,0,0,0,0,0,0,0,0,0,0,0,1,0,0,0,0,0,0,0,0,0,0,17,0,0,25,0,0,0,0,0,0,3,1,0,0,0,0,0,0,0,0,0,0,6,0,0,0,0,0,0,0,0,0,0,0,3,0,0,0,5,0,0,0,0,0,0,0,0,0,0,0,0,0,0,0,0,0,0,0,0,2,0,0,0,0,0,0,0,0,0,12,0,0,0,0,0,0,0,0,0,0,0,0,0,0,0,0,0,0,0,0,0,0,0
"4030",0,0,0,0,0,0,0,0,0,0,0,5,0,0,13,0,0,3,0,0,0,0,5,0,0,0,0,0,0,0,0,0,0,0,0,0,1,2,1,20,0,0,0,0,0,0,0,0,0,0,0,0,0,1,0,0,0,0,0,0,0,0,1,0,0,0,0,0,0,0,0,0,0,0,0,6,0,0,0,0,2,0,0,0,0,0,0,0,0,0,0,0,3,0,0,0,0,0,0,0,0,0,2,0,0,6,0,0,0,0,0,1,0,0,2,4,0,0,0,1,0,0,0,0,0,0,1,0,0,0,2,0,0,0,0,7,0,0,0,6,0,0,0,0,0,0,0,0,2,0,0,1,0,0,0,0,0,0,0,0,0,1,0,0,0,2,0,0,0,0,7,0,0,0,0,0,0,0,0,0,0,0,0,0,0
"4031",0,0,19,0,0,0,0,0,0,0,0,0,0,0,0,0,0,0,0,0,0,0,0,0,4,0,0,0,0,0,4,17,17,0,25,0,10,1,0,0,0,1,2,0,0,0,0,1,22,0,0,0,0,0,6,0,0,0,0,0,8,0,0,0,0,14,0,0,0,0,0,0,0,2,10,0,0,8,0,29,0,21,13,0,0,0,19,0,0,0,12,0,0,1,0,4,6,0,0,0,0,0,1,1,0,0,0,0,0,0,0,31,0,0,1,0,0,0,0,0,4,0,0,0,0,38,0,4,1,4,2,0,0,0,0,4,0,0,0,0,0,0,3,0,0,0,0,0,0,0,0,0,2,0,0,0,0,0,0,0,0,9,0,0,20,0,0,0,7,3,0,0,0,0,0,0,0,0,0,0,0,0,0,0,0
"4035",0,0,0,0,0,0,0,0,0,0,0,0,0,0,0,0,0,0,0,0,0,0,0,0,0,0,0,0,0,0,0,0,13,2,14,0,8,0,0,1,4,0,1,0,0,0,0,0,4,0,0,0,0,0,24,0,0,0,0,0,2,0,0,0,0,4,0,0,0,0,0,0,0,0,3,0,0,8,0,10,0,31,20,0,0,0,0,0,0,0,14,0,9,0,0,39,1,0,0,0,0,0,0,0,1,0,1,0,0,0,0,30,0,0,0,0,8,0,0,1,0,6,0,0,0,31,1,12,0,0,3,0,0,0,0,1,0,0,0,0,0,1,13,0,0,0,0,11,0,0,0,0,0,0,0,0,0,0,0,0,0,24,0,0,1,0,0,0,6,2,0,0,0,0,0,0,1,0,0,0,0,0,2,0,0
"4036",0,0,0,0,0,0,0,0,0,0,0,0,0,0,0,0,0,0,0,0,0,0,0,0,20,0,0,10,0,0,0,0,0,2,0,0,0,1,1,0,0,0,0,0,0,0,0,0,1,0,0,0,0,0,0,0,0,0,0,0,0,0,0,0,0,1,0,0,0,0,0,0,0,0,0,0,0,1,0,0,0,1,18,0,0,0,0,0,0,0,0,0,0,15,0,22,0,0,0,0,0,0,0,0,12,0,0,0,0,0,0,0,0,0,1,0,0,0,0,0,1,0,1,0,0,10,40,0,0,0,0,0,0,0,0,0,0,0,0,0,0,0,0,0,0,0,0,0,0,0,0,0,0,0,0,0,0,0,0,0,0,6,0,0,0,0,0,3,0,0,0,0,0,0,0,0,4,0,0,0,0,0,0,0,0
"4037",0,0,0,0,0,0,0,0,0,0,0,0,0,0,0,0,0,0,0,0,0,0,0,0,14,0,0,0,0,0,0,0,0,0,0,0,0,5,4,0,0,0,10,0,0,0,0,0,0,0,0,0,0,0,0,0,0,0,0,0,0,0,0,0,0,19,0,0,0,0,0,0,0,0,0,0,0,0,0,0,0,0,0,0,0,0,0,0,0,0,0,0,0,0,0,0,16,0,0,0,0,0,0,0,3,0,0,0,0,0,0,0,0,0,2,0,0,0,0,0,2,0,0,0,0,0,0,0,0,0,2,0,0,0,0,0,0,0,0,0,0,1,0,0,0,0,0,0,0,0,0,1,0,0,0,0,0,0,0,0,0,0,0,0,0,0,1,0,0,0,0,0,0,0,0,0,0,0,0,0,0,0,0,0,0
"4047",0,0,0,0,0,0,0,0,20,0,0,0,0,0,0,0,0,0,0,1,0,0,5,0,15,0,0,0,0,0,0,0,4,0,1,0,7,4,6,0,0,0,1,0,0,0,0,5,22,0,0,0,0,3,0,0,0,0,0,0,0,0,0,0,9,9,0,0,0,0,0,0,0,0,0,0,0,0,0,15,1,19,1,0,0,0,0,0,0,0,0,0,0,0,0,4,25,0,0,0,0,0,2,0,0,0,0,0,0,0,0,0,0,0,2,0,0,0,0,0,12,0,0,0,0,31,6,0,0,0,21,1,0,0,0,0,0,0,0,0,0,0,6,1,0,0,0,3,0,0,0,0,0,0,0,0,0,0,0,0,0,15,0,0,0,0,1,0,0,0,0,0,0,0,0,0,2,0,0,0,0,0,0,0,0
"4049",0,0,0,0,32,0,0,0,0,0,0,0,0,0,0,0,0,0,0,22,0,0,0,0,0,0,0,0,0,0,0,0,0,0,0,0,0,0,0,0,0,0,0,0,0,0,0,0,17,0,0,0,0,0,0,0,0,0,0,0,0,0,0,0,0,0,0,0,0,0,0,0,0,0,0,0,0,2,0,0,0,24,0,0,0,0,0,0,0,0,0,0,25,0,0,8,0,0,0,0,0,0,0,0,0,1,8,0,0,0,0,0,0,0,0,0,0,0,0,0,0,0,0,0,0,0,0,0,0,0,1,0,0,0,0,2,3,0,0,0,0,0,0,0,0,3,0,0,0,0,0,0,0,0,0,0,6,0,0,0,0,2,0,0,0,0,1,0,0,0,0,0,0,0,0,0,0,0,0,0,0,0,4,0,0
"4050",1,0,0,0,0,8,0,0,0,0,0,0,0,0,1,0,0,0,0,25,3,0,0,0,0,0,0,0,7,0,0,0,0,0,0,2,0,0,0,0,0,0,0,1,0,0,0,0,33,0,0,0,0,0,0,0,0,0,0,0,0,0,0,0,0,0,7,0,0,0,0,0,0,0,0,1,0,0,0,0,20,13,0,0,0,0,0,0,0,0,0,0,5,0,0,0,0,0,0,0,0,0,0,0,0,0,8,6,0,0,0,0,0,0,0,0,0,0,3,0,2,0,0,0,0,0,0,0,0,0,0,0,0,0,0,0,1,1,0,0,0,0,10,0,0,0,0,0,1,0,0,0,0,0,2,16,0,0,0,0,2,0,0,0,0,0,0,0,0,10,0,0,0,0,0,0,0,0,0,0,0,0,0,0,0
"4052",0,0,0,1,0,0,0,0,0,0,0,0,1,0,0,0,0,0,0,26,0,0,1,0,0,0,0,0,0,0,0,0,0,0,0,0,0,1,0,0,0,0,0,0,0,0,0,0,16,0,0,0,0,0,0,0,0,0,0,0,0,0,0,0,0,2,0,0,0,0,0,0,0,0,0,2,0,5,0,0,8,18,0,0,0,0,0,0,0,0,0,0,0,0,0,0,0,0,0,0,0,0,0,0,0,0,0,17,0,0,0,0,0,0,0,0,0,0,0,0,0,0,0,0,0,0,0,0,0,0,0,0,0,0,0,0,0,0,0,0,0,0,4,0,0,0,0,0,0,0,0,0,0,0,0,0,0,0,0,0,0,0,0,0,0,0,0,0,0,5,0,0,0,0,0,0,0,0,0,0,0,0,0,0,0
"4056",0,0,2,0,0,0,0,0,7,0,0,0,0,0,0,0,0,1,0,3,0,0,0,0,2,0,0,0,0,0,0,0,5,0,0,0,0,0,0,0,0,0,0,0,0,0,0,1,2,0,0,1,0,0,3,0,0,0,0,0,0,0,0,1,0,0,0,1,0,0,0,0,0,0,0,0,0,0,0,1,1,0,0,0,0,0,0,0,0,0,0,0,1,0,0,4,0,0,0,0,0,0,0,2,0,2,0,2,0,0,0,0,0,0,0,0,0,0,0,0,1,0,0,0,0,0,6,0,0,0,11,0,0,0,0,1,0,0,0,0,0,0,0,0,0,4,0,0,0,0,0,1,0,0,0,0,0,6,0,0,0,16,0,0,0,11,0,0,6,0,0,0,0,0,0,0,0,0,0,0,0,1,0,0,0
"4063",0,0,4,0,0,0,0,0,0,0,0,1,0,0,0,0,0,0,0,1,3,0,4,0,1,0,0,0,0,0,0,0,5,0,0,0,6,4,0,0,5,1,2,0,0,0,0,2,0,0,0,0,0,3,4,0,0,0,0,0,1,0,0,0,0,5,0,0,0,0,0,0,0,0,0,0,0,0,0,4,0,9,0,0,0,0,0,0,0,0,0,0,2,0,0,12,3,0,0,0,0,0,2,2,0,1,3,1,0,0,0,2,0,0,3,0,0,0,0,1,0,0,0,0,0,7,5,2,0,0,3,0,0,0,0,0,0,0,0,0,0,0,15,0,0,0,0,0,0,0,0,1,1,2,2,0,5,0,0,0,0,6,0,0,3,0,0,0,0,5,0,0,0,0,0,0,0,0,0,0,0,0,2,0,0
"4065",0,0,0,0,0,0,0,0,0,0,0,0,0,0,0,0,0,0,0,0,0,0,0,0,9,0,0,0,0,0,0,0,0,1,0,0,0,0,1,0,0,0,0,0,0,0,0,4,0,0,0,0,0,0,8,0,0,0,0,0,0,0,0,0,0,1,0,0,0,0,0,0,0,0,0,0,0,2,0,0,0,1,28,0,0,0,0,0,0,0,0,0,1,0,0,40,20,0,0,0,0,0,0,0,23,0,0,0,0,0,0,0,0,0,0,0,0,0,0,0,0,0,0,0,0,16,0,0,0,0,23,0,0,0,0,0,0,0,0,0,0,10,6,0,0,0,0,0,0,0,0,0,0,0,0,0,0,0,0,0,0,0,0,0,0,0,0,0,0,0,0,0,0,0,0,0,2,0,0,0,0,0,0,0,0
"4068",0,0,0,0,0,0,0,0,9,0,0,0,0,0,0,0,0,0,0,1,0,0,0,0,3,0,0,0,0,0,0,0,6,32,21,0,3,0,4,0,0,0,1,0,0,0,0,0,1,0,0,0,0,0,26,0,0,0,0,0,0,0,0,0,0,6,0,0,0,0,0,0,0,0,0,0,0,0,0,0,0,2,0,0,0,0,0,0,0,0,0,0,0,0,0,35,2,0,0,0,0,0,2,1,4,0,0,0,0,0,0,24,0,0,0,0,0,0,0,0,2,0,0,0,0,15,11,1,0,0,31,0,0,0,0,0,0,0,0,0,0,2,26,0,0,0,0,0,0,0,0,4,5,0,0,0,0,0,0,0,0,7,0,0,0,0,1,0,0,0,0,0,0,0,0,0,4,0,0,0,0,1,0,0,0
"4069",0,0,28,0,0,0,0,0,0,0,0,0,0,0,0,0,0,0,0,0,0,0,0,0,11,0,0,0,0,0,0,0,0,0,3,0,18,1,1,0,3,2,14,0,1,0,0,0,3,0,0,0,0,0,0,0,0,0,0,0,3,0,0,0,0,6,1,0,0,0,0,0,0,0,0,0,0,2,0,11,0,34,0,0,0,0,0,0,0,0,0,0,0,0,0,7,22,1,0,0,0,0,0,0,0,0,0,0,0,0,0,3,0,0,0,0,0,0,0,0,31,0,1,0,0,0,0,0,0,0,1,0,0,0,0,0,0,3,0,0,0,0,0,0,0,1,0,0,0,0,0,1,0,1,0,0,1,0,0,0,0,3,0,0,0,0,4,6,0,0,0,0,0,0,0,0,0,0,0,0,0,0,0,0,0
"4070",0,0,0,0,0,0,0,0,0,0,0,0,0,0,0,0,0,0,0,0,0,0,0,0,9,0,0,0,0,0,0,0,0,0,0,0,5,2,5,0,1,11,22,0,0,0,0,0,0,0,0,0,0,0,0,0,0,0,0,0,2,0,0,0,0,24,0,0,1,0,0,0,0,0,0,0,0,0,0,0,0,0,0,0,0,0,0,0,0,1,0,0,1,0,0,0,5,0,0,0,0,0,3,0,32,0,0,0,0,0,0,4,0,0,0,0,0,0,0,0,8,0,0,0,0,0,11,0,0,0,3,0,0,0,0,0,0,0,0,0,0,1,0,0,0,0,0,0,0,0,0,1,4,1,0,0,1,0,0,0,0,19,0,0,0,0,1,1,0,0,0,0,0,0,0,0,0,0,0,0,0,0,0,0,0
"4073",0,0,0,0,0,0,0,0,2,0,0,0,0,0,0,0,0,0,0,0,0,0,0,0,4,0,0,0,0,0,0,0,0,15,0,0,0,0,13,0,0,0,0,0,0,0,1,0,0,0,0,0,0,0,0,0,0,0,0,0,11,0,0,0,0,13,0,0,0,0,0,0,0,0,0,0,0,0,0,0,0,0,0,0,0,0,0,0,0,0,0,0,0,0,0,14,10,0,0,0,0,0,0,2,37,0,0,0,0,0,0,0,0,0,16,0,0,0,0,0,0,0,0,0,0,1,0,0,0,0,0,0,0,0,0,0,0,0,0,0,0,4,2,0,0,0,0,0,0,0,0,0,6,0,0,0,0,0,0,0,0,13,0,0,0,0,0,0,0,0,0,0,0,0,0,0,0,0,0,0,0,0,0,0,0
"4074",0,0,0,2,0,0,0,0,2,0,0,0,0,0,0,0,0,0,0,0,0,0,2,0,18,0,2,0,0,0,0,0,2,0,0,0,0,2,11,9,0,0,0,0,0,0,0,6,3,0,0,0,0,0,2,0,2,0,0,4,13,0,12,0,0,10,0,0,1,0,0,0,0,0,0,0,0,0,0,13,3,13,0,0,0,0,0,0,0,0,0,0,0,0,0,18,4,0,0,0,0,0,6,0,0,1,1,2,0,0,0,0,0,0,8,0,1,0,7,0,1,0,3,0,0,0,12,0,0,0,20,0,0,0,0,6,0,1,0,0,0,0,0,0,0,7,0,4,0,0,0,7,0,8,0,0,1,0,0,0,0,11,0,0,0,5,0,0,0,0,0,0,0,0,0,0,0,0,0,0,0,0,1,0,0
"4076",0,0,0,0,0,0,0,0,8,0,0,0,0,0,0,0,0,0,0,1,0,0,0,0,11,0,0,5,0,0,0,0,2,2,0,0,1,1,5,0,0,1,0,0,0,0,3,4,0,0,0,0,0,0,8,0,0,0,0,0,6,0,0,0,0,5,0,0,0,0,0,0,0,3,0,0,0,1,0,2,0,8,0,0,0,0,0,0,0,0,0,0,9,0,0,30,14,0,0,0,0,0,2,1,19,0,0,0,0,0,0,0,0,0,6,0,0,0,0,0,0,10,0,0,0,14,7,0,0,4,31,0,0,0,0,0,0,0,0,0,0,0,0,0,0,0,0,26,0,0,0,2,0,0,0,0,0,0,0,0,0,12,0,0,0,1,0,2,0,0,0,0,0,0,0,0,3,0,0,0,0,0,1,0,0
"4079",0,0,0,0,0,0,0,0,0,0,0,0,0,0,0,0,0,0,0,5,0,0,1,0,10,0,0,0,0,0,0,2,0,0,0,0,0,3,0,1,1,0,0,0,0,0,0,0,1,0,0,0,0,0,0,0,0,0,0,0,0,0,1,0,0,0,0,1,0,0,0,0,1,0,0,0,0,0,0,1,9,3,0,0,0,0,0,0,0,0,0,0,17,0,0,1,0,0,0,0,0,0,2,0,0,3,0,0,0,0,0,0,0,0,5,0,0,0,0,0,0,0,0,0,0,0,7,0,0,0,1,0,0,0,0,2,0,0,0,0,0,0,0,0,0,2,0,0,1,0,0,3,0,0,0,0,0,0,0,0,0,1,0,0,0,0,1,0,0,0,0,0,0,0,0,0,0,0,0,0,0,0,2,0,0
"4081",0,0,0,0,0,0,0,0,0,0,0,0,0,0,0,0,0,10,0,7,0,0,2,0,0,0,0,0,0,0,0,0,1,0,0,0,0,0,0,0,0,0,0,0,0,0,0,0,1,0,0,0,0,0,0,0,0,0,0,0,0,0,5,0,0,0,0,3,0,0,0,0,0,0,0,0,0,0,0,0,10,1,1,0,0,0,0,0,0,0,0,0,28,0,0,13,0,0,0,0,0,0,0,0,0,1,0,4,0,0,0,0,0,0,1,0,0,0,0,0,0,0,0,0,0,0,1,0,0,0,6,0,0,0,0,0,3,0,0,0,0,0,0,0,0,6,0,0,0,0,0,2,0,0,0,0,1,0,0,0,0,6,0,0,0,2,0,0,0,0,0,0,0,0,0,0,0,0,0,0,0,0,1,0,0
"4084",0,0,0,0,0,0,0,0,0,0,0,0,0,0,0,0,0,3,0,6,0,0,0,0,1,0,0,0,0,0,0,0,2,0,0,0,1,0,0,0,0,0,0,0,0,0,0,14,4,0,0,0,0,0,2,0,0,0,0,0,0,0,1,0,0,0,0,1,7,0,0,0,0,0,0,0,0,1,0,1,5,9,0,0,0,0,0,0,0,0,0,0,18,0,1,23,0,0,0,0,0,0,1,0,0,1,0,0,0,0,0,0,0,0,0,0,0,0,0,0,0,0,0,0,0,0,15,0,0,0,7,0,0,0,0,0,0,0,0,0,0,1,0,0,0,0,0,0,0,0,0,7,0,0,0,0,1,0,0,0,0,16,0,0,0,11,0,0,0,0,0,0,0,0,0,0,3,0,0,0,0,2,0,0,0
"4088",0,0,1,0,0,0,0,0,0,0,0,0,0,0,0,0,0,0,0,0,0,0,0,0,5,0,0,1,0,0,0,0,5,1,0,0,12,0,0,0,1,0,0,0,0,0,0,2,0,0,0,0,0,0,2,0,0,0,0,0,1,0,0,0,0,9,0,0,0,0,0,0,0,0,0,0,0,1,0,1,0,19,0,0,0,0,0,0,0,0,0,0,0,0,0,28,9,0,0,0,0,0,2,1,26,0,0,0,0,0,0,0,0,0,2,0,0,0,0,0,2,4,0,0,0,31,0,8,0,0,19,0,0,0,0,0,0,0,0,0,0,0,13,0,0,0,0,5,0,0,0,0,0,0,0,0,0,0,0,0,0,5,0,0,0,0,0,2,0,0,0,0,0,0,0,0,0,0,0,0,0,0,2,0,0
"4096",0,0,0,0,0,0,0,0,0,0,0,0,0,0,0,0,0,0,0,0,0,0,0,0,15,0,0,0,0,0,0,0,0,0,0,0,0,0,1,0,0,0,0,0,0,0,0,0,1,0,0,0,0,0,0,0,0,0,0,0,0,0,0,0,0,11,0,0,0,0,0,0,0,0,0,0,0,0,0,0,0,0,0,0,0,0,0,0,0,0,0,0,0,0,0,11,25,0,0,0,0,0,1,2,0,0,0,0,0,0,0,0,0,0,0,0,0,0,0,0,0,0,0,0,0,0,0,0,0,0,2,0,0,0,0,0,0,0,0,0,0,0,0,0,0,0,0,0,0,0,0,0,0,1,0,0,0,0,0,0,0,1,0,0,0,0,2,0,0,0,0,0,0,0,0,0,1,0,0,0,0,0,0,0,0
"4100",0,1,0,0,0,0,0,0,0,0,0,2,0,0,0,0,0,0,0,2,0,0,18,0,2,0,1,0,0,0,0,0,0,0,0,0,1,0,0,1,0,0,2,0,0,0,0,0,13,0,0,0,0,0,5,0,0,0,0,0,0,0,2,0,0,1,0,0,0,0,0,1,0,0,0,0,0,0,0,2,0,0,0,0,0,0,0,0,0,0,0,0,7,0,0,6,1,0,0,0,0,0,2,0,0,13,2,6,0,0,0,0,0,0,4,0,2,0,0,18,0,0,0,0,0,0,0,0,0,0,0,0,0,1,0,0,13,0,2,0,0,0,0,0,0,2,0,0,0,0,0,0,0,0,0,0,0,3,0,0,0,1,0,0,0,0,0,0,0,0,4,1,0,0,0,0,0,0,0,0,0,0,0,0,0
"4111",0,0,5,0,1,0,0,0,10,0,0,0,0,0,0,0,0,0,0,0,4,0,0,0,7,0,0,0,0,0,0,0,1,1,0,0,5,2,0,0,2,0,0,0,0,0,0,1,4,0,0,0,0,0,0,0,0,0,0,0,3,0,0,0,0,0,0,0,0,0,0,0,0,0,0,0,0,0,0,11,0,17,0,0,0,0,0,1,0,0,0,0,0,0,0,25,16,0,0,0,0,0,0,1,9,0,0,0,0,0,0,3,0,0,0,0,1,0,0,0,3,10,0,0,0,35,1,1,0,0,14,0,0,0,0,3,0,0,0,0,0,0,2,0,0,0,0,18,0,0,0,1,4,3,0,0,1,0,0,0,2,9,0,0,0,0,1,2,0,5,0,0,0,0,0,0,0,0,0,0,0,0,1,0,0
"4115",0,0,0,0,0,0,0,0,3,0,0,0,0,0,1,0,0,1,0,8,0,0,6,0,15,0,0,0,0,0,0,0,0,0,0,0,1,2,0,0,1,0,0,0,0,0,0,0,23,0,0,0,0,0,0,0,0,0,0,0,0,0,0,0,0,2,0,0,6,0,0,0,0,1,3,0,0,0,0,15,0,9,0,0,0,0,0,1,0,0,0,0,5,0,0,5,0,0,0,0,0,0,5,0,0,5,0,3,0,0,0,0,0,0,7,0,0,0,0,0,0,0,0,0,0,0,8,0,0,0,13,0,0,0,0,0,1,0,0,0,1,0,0,0,0,5,0,0,0,0,0,0,0,0,2,0,7,2,0,0,0,5,0,0,0,0,1,0,0,0,0,0,0,0,0,0,3,9,0,0,0,0,4,0,0
"4117",0,0,0,0,0,0,0,0,0,0,0,0,0,0,0,0,0,0,0,0,0,0,0,0,20,0,0,1,0,0,0,0,0,0,0,0,0,0,1,0,0,0,0,0,0,0,0,3,0,0,0,0,0,0,0,0,0,0,0,0,0,0,0,0,0,6,0,0,0,0,0,0,0,0,0,0,0,0,0,0,0,0,1,0,0,0,0,0,0,0,0,0,0,0,0,13,15,0,0,0,0,0,2,0,30,0,0,0,0,0,0,1,0,0,4,0,0,0,0,0,0,0,0,0,0,2,22,0,0,0,12,0,0,0,0,0,0,0,0,0,0,0,0,0,0,0,0,0,0,0,0,4,0,0,0,0,0,0,0,0,0,14,0,0,0,0,0,0,0,0,0,0,0,0,0,0,3,0,0,0,0,0,0,0,0
