Biome,Region,Region_Plot,X,Y,PlotSize,BA_ha,fc500,fc1000,fc2000,e_dens500,e_dens1000,e_dens2000,nfrag500,nfrag1000,nfrag2000,lnFL500,lnFL1000,lnFL2000,lnNfrag500,lnNfrag1000,lnNfrag2000,ln_edg500,ln_edg1000,ln_edg2000,CWD,TS,MAP
Amazonia,Balbina,Balbina_1,-59.75907157,-1.717884154,0.25,24.70389662,0.011950718,0.118376663,0.287281424,0.01,0.1,0.2,2,6,14,-0.012022702,-0.12599037,-0.338668641,0.693147181,1.791759469,2.63905733,-3.912023005,-2.207274913,-1.560647748,-41.66667,49.70367,2391
Amazonia,Balbina,Balbina_10,-59.57190513,-1.516023285,0.25,37.58522852,0.974005031,0.987025801,0.928888767,0.06,0.02,0.12,1,1,2,-3.64985226,-4.344792586,-2.643509966,0,0,0.693147181,-2.659260037,-3.506557897,-2.040220829,-87.33334,49.70174,2385
Amazonia,Balbina,Balbina_11,-59.59609954,-1.836578447,0.25,17.93737246,0.073666922,0.032204715,0.064423931,0.07,0.03,0.06,1,3,5,-0.076521414,-0.032734697,-0.066592823,0,1.098612289,1.609437912,-2.525728644,-3.218875825,-2.659260037,-53.625,53.80239,2342
Amazonia,Balbina,Balbina_12,-59.83634926,-1.588078761,0.25,32.02551312,0.460953901,0.512527326,0.470791726,0.34,0.36,0.34,4,8,22,-0.617954185,-0.718521043,-0.636373212,1.386294361,2.079441542,3.091042453,-1.049822124,-0.994252273,-1.049822124,-35.66667,48.43576,2366
Amazonia,Balbina,Balbina_13,-59.67815499,-1.761189654,0.25,32.52445912,0.243501595,0.135294049,0.191763838,0.23,0.13,0.16,3,8,26,-0.279054854,-0.145365771,-0.212900983,1.098612289,2.079441542,3.258096538,-1.427116356,-1.966112856,-1.771956842,-50.66667,51.01062,2327
Amazonia,Balbina,Balbina_15,-59.78715487,-1.486912216,0.25,44.27265922,0.456984947,0.52948753,0.596616289,0.36,0.39,0.33,3,4,8,-0.610618238,-0.753932817,-0.907867034,1.098612289,1.386294361,2.079441542,-0.994252273,-0.916290732,-1.078809661,-62.33334,49.74747,2372
Amazonia,Balbina,Balbina_17,-59.44826638,-1.788189612,0.25,18.9922115,0.365558287,0.316236223,0.278073952,0.32,0.28,0.22,6,10,20,-0.455009859,-0.380142776,-0.325832572,1.791759469,2.302585093,2.995732274,-1.108662625,-1.237874356,-1.46967597,-109.33334,53.54835,2347
Amazonia,Balbina,Balbina_2,-59.82884927,-1.522662174,0.25,14.76698354,0.036765986,0.150990841,0.12753158,0.04,0.13,0.09,2,3,8,-0.037458892,-0.163685305,-0.13642882,0.693147181,1.098612289,2.079441542,-2.995732274,-1.966112856,-2.302585093,-52.33334,49.93177,2349
Amazonia,Balbina,Balbina_20,-59.78912709,-1.507689969,0.25,37.9391128,0.355295242,0.443208573,0.382090731,0.33,0.35,0.29,4,7,17,-0.438962807,-0.585564567,-0.481413646,1.386294361,1.945910149,2.833213344,-1.078809661,-1.021651248,-1.203972804,-57.33334,50.69779,2372
Amazonia,Balbina,Balbina_22,-59.35418316,-1.840245099,0.25,32.23171064,0.506282415,0.280417602,0.291072718,0.42,0.24,0.23,3,12,28,-0.705791616,-0.329084238,-0.344002322,1.098612289,2.48490665,3.33220451,-0.84397007,-1.386294361,-1.427116356,-121.29167,53.35701,2334
Amazonia,Balbina,Balbina_23,-59.82226594,-1.505328862,0.25,15.84329704,0.363190674,0.263551775,0.14499574,0.28,0.19,0.12,2,4,14,-0.451284999,-0.305916344,-0.156648828,0.693147181,1.386294361,2.63905733,-1.237874356,-1.609437912,-2.040220829,-52.33334,49.7646,2359
Amazonia,Balbina,Balbina_26,-59.66307168,-1.873383959,0.25,23.43116042,0.239335576,0.214442921,0.244982484,0.24,0.21,0.19,6,10,23,-0.273562986,-0.241362158,-0.28101433,1.791759469,2.302585093,3.135494216,-1.386294361,-1.514127733,-1.609437912,-47.625,50.33221,2398
Amazonia,Balbina,Balbina_28,-59.64801614,-1.675800869,0.25,30.25836508,0.475053382,0.208497796,0.113174226,0.29,0.13,0.07,1,1,3,-0.644458702,-0.233822615,-0.120106738,0,0,1.098612289,-1.203972804,-1.966112856,-2.525728644,-52.54167,52.43323,2331
Amazonia,Balbina,Balbina_29,-59.6116273,-1.697411952,0.25,25.16706546,0.405063714,0.381911302,0.362134106,0.31,0.31,0.26,3,7,21,-0.519300962,-0.481123308,-0.449627215,1.098612289,1.945910149,3.044522438,-1.139434283,-1.139434283,-1.30933332,-63.33334,51.30127,2359
Amazonia,Balbina,Balbina_3,-59.42137752,-1.833328444,0.25,23.73073526,0.063465379,0.035311565,0.055794255,0.06,0.04,0.06,2,5,17,-0.065568789,-0.035950095,-0.057411186,0.693147181,1.609437912,2.833213344,-2.659260037,-2.995732274,-2.659260037,-111.33334,54.72384,2249
Amazonia,Balbina,Balbina_38,-59.78654376,-1.70416195,0.25,31.24427484,0.590518164,0.538712027,0.424563796,0.25,0.27,0.24,1,3,14,-0.892862733,-0.773732761,-0.55262691,0,1.098612289,2.63905733,-1.347073648,-1.272965676,-1.386294361,-41.66667,48.75728,2403
Amazonia,Balbina,Balbina_4,-59.83612703,-1.469328906,0.25,28.53541254,0.36411654,0.274631643,0.302861263,0.25,0.18,0.22,3,5,12,-0.452739971,-0.321075675,-0.360770839,1.098612289,1.609437912,2.48490665,-1.347073648,-1.660731207,-1.46967597,-52.33334,48.52952,2370
Amazonia,Balbina,Balbina_41,-59.39259979,-1.741217445,0.25,23.98399824,0.300515973,0.440299899,0.464141601,0.3,0.28,0.25,2,4,19,-0.35741232,-0.580354173,-0.623885334,0.693147181,1.386294361,2.944438979,-1.171182982,-1.237874356,-1.347073648,-112.33334,51.21814,2372
Amazonia,Balbina,Balbina_43,-59.75246048,-1.394940106,0.25,34.32337454,0.238604966,0.322392912,0.264109111,0.18,0.25,0.22,3,10,29,-0.272602957,-0.389187675,-0.30667342,1.098612289,2.302585093,3.36729583,-1.660731207,-1.347073648,-1.46967597,-74.33334,49.74747,2309
Amazonia,Balbina,Balbina_44,-59.76343268,-1.626662044,0.25,36.44034684,0.668818353,0.612997404,0.589966276,0.43,0.4,0.38,1,4,14,-1.105088272,-0.949323878,-0.891515869,0,1.386294361,2.63905733,-0.820980552,-0.891598119,-0.94160854,-41.66667,48.51583,2370
Amazonia,Balbina,Balbina_47,-59.44759973,-1.601078732,0.25,22.59721096,0.542363176,0.403060366,0.529910575,0.34,0.26,0.3,1,3,4,-0.78167937,-0.515939286,-0.754832336,0,1.098612289,1.386294361,-1.049822124,-1.30933332,-1.171182982,-108.33334,49.48981,2338
Amazonia,Balbina,Balbina_5,-59.87201588,-1.585134321,0.25,48.86305662,0.159118815,0.381397093,0.406910001,0.15,0.32,0.3,4,8,30,-0.173304907,-0.480291719,-0.522409123,1.386294361,2.079441542,3.401197382,-1.832581464,-1.108662625,-1.171182982,-35.66667,48.89692,2377
Amazonia,Balbina,Balbina_50,-59.71373829,-1.67149532,0.25,29.47968276,0.867181299,0.679745243,0.650277469,0.34,0.34,0.34,1,3,9,-2.018770231,-1.138638484,-1.050615207,0,1.098612289,2.197224577,-1.049822124,-1.049822124,-1.049822124,-45.66667,49.25967,2361
Amazonia,Balbina,Balbina_53,-59.73962714,-1.748245227,0.25,26.99078688,0.65124287,0.53388447,0.445436885,0.35,0.31,0.28,1,4,12,-1.053379502,-0.763321757,-0.589574655,0,1.386294361,2.48490665,-1.021651248,-1.139434283,-1.237874356,-45.66667,50.63798,2381
Amazonia,Balbina,Balbina_57,-59.70582163,-1.739050793,0.25,24.31428542,0.910762822,0.732070712,0.615644737,0.35,0.4,0.36,1,2,4,-2.416457533,-1.317032184,-0.95618799,0,0.693147181,1.386294361,-1.021651248,-0.891598119,-0.994252273,-52.54167,50.09081,2378
Amazonia,Balbina,Balbina_6,-59.61082175,-1.500328861,0.25,33.50007596,0.614455242,0.571871687,0.446900316,0.55,0.45,0.36,3,10,29,-0.953097989,-0.848332332,-0.592217033,1.098612289,2.302585093,3.36729583,-0.579818495,-0.776528789,-0.994252273,-78.33334,49.07478,2362
Amazonia,Balbina,Balbina_63,-59.84757146,-1.644995357,0.25,24.5813173,0.648762952,0.48529316,0.455662792,0.35,0.28,0.27,2,6,20,-1.046293933,-0.664157783,-0.608186357,0.693147181,1.791759469,2.995732274,-1.021651248,-1.237874356,-1.272965676,-33.66667,48.94917,2406
Amazonia,Balbina,Balbina_67,-59.87515477,-1.499412204,0.25,26.34343192,0.679758969,0.629235362,0.590361526,0.45,0.38,0.31,2,3,12,-1.138681345,-0.992187817,-0.892480279,0.693147181,1.098612289,2.48490665,-0.776528789,-0.94160854,-1.139434283,-48.33334,48.21628,2367
Amazonia,Balbina,Balbina_69,-59.51748853,-1.781272956,0.25,24.63529704,0.964737309,0.812400293,0.588735746,0.15,0.31,0.29,1,1,8,-3.344929786,-1.673444804,-0.888519317,0,0,2.079441542,-1.832581464,-1.139434283,-1.203972804,-89.33334,51.92323,2369
Amazonia,Balbina,Balbina_7,-59.69259943,-1.775384081,0.25,21.55223152,0.137093217,0.313426882,0.3252765,0.12,0.25,0.27,3,12,35,-0.147448609,-0.376042551,-0.393452302,1.098612289,2.48490665,3.555348061,-2.040220829,-1.347073648,-1.272965676,-50.66667,49.65603,2367
Amazonia,Balbina,Balbina_72,-59.6254884,-1.61938427,0.25,30.5265933,0.89916168,0.602738995,0.521071134,0.28,0.31,0.26,2,4,19,-2.294236837,-0.923161771,-0.736203198,0.693147181,1.386294361,2.944438979,-1.237874356,-1.139434283,-1.30933332,-61.33334,52.02527,2374
Amazonia,Balbina,Balbina_76,-59.72326605,-1.85407843,0.25,31.92175182,0.980206596,0.988197112,0.967620885,0,0,0.04,1,1,1,-3.922406528,-4.439411032,-3.430241663,0,0,0,-4.605170186,-4.605170186,-2.995732274,-40.625,48.75726,2401
Amazonia,Balbina,Balbina_78,-59.73612714,-1.85482843,0.25,35.11083944,0.979843783,0.988290108,0.991932053,0,0,0,1,1,1,-3.904242502,-4.447321324,-4.819856228,0,0,0,-4.605170186,-4.605170186,-4.605170186,-40.625,47.35422,2414
Amazonia,Balbina,Balbina_8,-59.6323495,-1.830078456,0.25,39.1333647,0.043070623,0.016150389,0.041205205,0.04,0.02,0.04,1,4,15,-0.044025686,-0.016282228,-0.042078205,0,1.386294361,2.708050201,-2.995732274,-3.506557897,-2.995732274,-50.66667,53.2344,2302
Amazonia,Balbina,Balbina_81,-59.89498808,-1.428162292,0.25,30.75181608,0.981991232,0.971075592,0.86056746,0,0.07,0.15,1,1,6,-4.016896529,-3.543069473,-1.970174379,0,0,1.791759469,-4.605170186,-2.525728644,-1.832581464,-55.33334,46.12852,2374
Amazonia,Balbina,Balbina_84,-59.2466833,-1.819495121,0.25,32.55373648,0.98141927,0.988950111,0.992138808,0,0,0,1,1,1,-3.985630257,-4.505334896,-4.84581703,0,0,0,-4.605170186,-4.605170186,-4.605170186,-131.33334,50.81718,2342
Amazonia,Balbina,Balbina_9,-59.36401649,-1.765800748,0.25,37.45330142,0.103430968,0.164975487,0.318457633,0.11,0.14,0.16,3,7,15,-0.109179987,-0.180294198,-0.383396862,1.098612289,1.945910149,2.708050201,-2.120263536,-1.897119985,-1.771956842,-123.33334,52.67827,2350
Natlantic,PB,PB_Bica,-34.87408596,-7.111737162,0.1,31.13198708,0.20796412,0.090508283,0.029195556,0.21,0.09,0.03,6,16,44,-0.233148585,-0.094869388,-0.029630227,1.791759469,2.772588722,3.784189634,-1.514127733,-2.302585093,-3.218875825,-498.29167,88.37763,1957
Natlantic,PB,PB_Cuia,-34.85930548,-7.191895445,0.1,18.31111926,0.314971319,0.127671624,0.087761914,0.29,0.12,0.09,2,13,29,-0.378294572,-0.136589348,-0.091854264,0.693147181,2.564949357,3.36729583,-1.203972804,-2.040220829,-2.302585093,-474.29167,94.52833,1903
Natlantic,PB,PB_ER2,-35.12994742,-7.019723765,0.1,17.83160843,0.594759117,0.553091394,0.408973193,0.29,0.23,0.17,3,7,23,-0.903273616,-0.805401166,-0.525893904,1.098612289,1.945910149,3.135494216,-1.203972804,-1.427116356,-1.714798428,-634.75001,109.85788,1380
Natlantic,PB,PB_Flona,-34.85324118,-7.06413298,0.1,28.66567711,0.642156681,0.18183407,0.048617877,0.36,0.11,0.03,1,9,13,-1.027660045,-0.200690115,-0.049839485,0,2.197224577,2.564949357,-0.994252273,-2.120263536,-3.218875825,-506.29167,89.36221,1837
Natlantic,PB,PB_Gargau,-34.95780795,-7.019663978,0.1,33.97574438,0.983035583,0.988688038,0.806097527,0,0,0.08,1,1,1,-4.076637246,-4.481894529,-1.640399963,0,0,0,-4.605170186,-4.605170186,-2.407945609,-546.29167,97.727,1669
Natlantic,PB,PB_HortoCV,-34.82565065,-7.175314694,0.1,4.47581577,0.379068014,0.201903058,0.226957621,0.32,0.17,0.18,2,3,24,-0.476533726,-0.225525208,-0.257421408,0.693147181,1.098612289,3.17805383,-1.108662625,-1.714798428,-1.660731207,NA,92.49898,1963
Natlantic,PB,PB_JBBM,-34.86177423,-7.145606345,0.1,43.16537339,0.981292085,0.948320365,0.432422499,0.02,0.12,0.13,1,1,19,-3.978808583,-2.962691482,-0.566377973,0,0,2.944438979,-3.506557897,-2.040220829,-1.966112856,-485.29167,91.49847,1902
Natlantic,PB,PB_MFC1,-35.13687741,-6.989583815,0.03,39.24328857,0.842548091,0.432381635,0.188464145,0.27,0.25,0.13,2,9,50,-1.848635207,-0.566305979,-0.208826709,0.693147181,2.197224577,3.912023005,-1.272965676,-1.347073648,-1.966112856,-652.91668,110.51531,1315
Natlantic,PB,PB_MFC10,-35.10416745,-7.065373689,0.03,51.45408697,0.797252285,0.531731392,0.368903808,0.24,0.23,0.17,1,1,9,-1.595792856,-0.758713199,-0.460296984,0,0,2.197224577,-1.386294361,-1.427116356,-1.714798428,-619.75001,106.97191,1364
Natlantic,PB,PB_MFC11,-35.09886746,-7.073903674,0.03,75.55969163,0.391310094,0.369147775,0.324720945,0.27,0.24,0.17,1,2,7,-0.496446327,-0.460683636,-0.392629259,0,0.693147181,1.945910149,-1.272965676,-1.386294361,-1.714798428,-619.75001,106.06247,1368
Natlantic,PB,PB_MFC24,-35.08805748,-7.006013785,0.03,58.4116217,0.949527129,0.883626204,0.801504419,0.14,0.13,0.16,1,1,6,-2.986319295,-2.150947889,-1.616988441,0,0,1.791759469,-1.897119985,-1.966112856,-1.771956842,-611.75001,105.4311,1432
Natlantic,PB,PB_MFC25,-35.09408747,-7.073753674,0.03,25.35562687,0.42101707,0.391695472,0.351648204,0.35,0.3,0.19,1,3,6,-0.546482284,-0.497079654,-0.433321835,0,1.098612289,1.791759469,-1.021651248,-1.171182982,-1.609437912,-619.75001,106.06247,1368
Natlantic,PB,PB_MFC50,-35.09851747,-7.02157376,0.03,47.8622599,0.573351011,0.601198214,0.689069929,0.17,0.14,0.15,1,4,6,-0.851793644,-0.919290762,-1.168187244,0,1.386294361,1.791759469,-1.714798428,-1.897119985,-1.832581464,-611.75001,105.21534,1417
Natlantic,PB,PB_MFC6,-35.10433746,-7.008833782,0.03,51.46635343,0.976585202,0.924290626,0.742284491,0.08,0.14,0.18,1,2,10,-3.754387063,-2.580853295,-1.355898981,0,0.693147181,2.302585093,-2.407945609,-1.897119985,-1.660731207,-611.75001,107.2027,1413
NAtlantic,PB,PB_MRN11,-35.09933747,-7.030153746,0.03,77.9267516,0.304028511,0.285298613,0.594371681,0.27,0.23,0.22,3,4,12,-0.362446584,-0.335890464,-0.902318009,1.098612289,1.386294361,2.48490665,-1.272965676,-1.427116356,-1.46967597,-611.75001,104.73905,1414
Natlantic,PB,PB_UFPB,-34.84345707,-7.138253057,0.1,32.68540143,0.521542569,0.356807098,0.267486191,0.45,0.29,0.16,5,8,26,-0.737188035,-0.441310597,-0.311273086,1.609437912,2.079441542,3.258096538,-0.776528789,-1.203972804,-1.771956842,-485.29167,90.0284,1926
Natlantic,PB,PB_XemXem,-34.93307787,-7.154555101,0.1,20.69860932,0.925110855,0.468730185,0.209692832,0.29,0.22,0.14,1,1,8,-2.591746326,-0.632485261,-0.235333589,0,0,2.079441542,-1.203972804,-1.46967597,-1.897119985,-529.29167,98.30381,1760
Amazonia,PGM,PGM_100_3,-47.84636163,-2.750428746,0.25,10.89339476,0.591056404,0.451777867,0.599939004,0.52,0.38,0.39,10,28,81,-0.89417804,-0.601074722,-0.916138253,2.302585093,3.33220451,4.394449155,-0.634878272,-0.94160854,-0.916290732,-381.33334,40.34652,2075
Amazonia,PGM,PGM_100_5,-47.86831917,-2.762242213,0.25,16.97338932,0.709184725,0.808434367,0.62831516,0.18,0.19,0.34,1,3,50,-1.235067007,-1.652524798,-0.989708988,0,1.098612289,3.912023005,-1.660731207,-1.609437912,-1.049822124,-381.33334,39.04156,2077
Amazonia,PGM,PGM_100_6,-47.87746645,-2.730709527,0.25,18.1789515,0.611088901,0.523770567,0.532429766,0.4,0.42,0.41,4,17,67,-0.944404499,-0.741855539,-0.760205708,1.386294361,2.833213344,4.204692619,-0.891598119,-0.84397007,-0.867500568,-367.33334,40.3019,2083
Amazonia,PGM,PGM_100_9,-47.86408336,-2.743967766,0.25,2.71207766,0.451222223,0.525068219,0.539219533,0.38,0.34,0.31,5,26,71,-0.600061697,-0.744584104,-0.77483356,1.609437912,3.258096538,4.262679877,-0.94160854,-1.049822124,-1.139434283,-370.33334,40.92446,2079
Amazonia,PGM,PGM_142_1,-47.63371453,-2.932839874,0.25,12.57033374,0.978192823,0.888870704,0.698764474,0,0.05,0.1,1,1,11,-3.825516143,-2.197060927,-1.199862842,0,0,2.397895273,-4.605170186,-2.813410717,-2.207274913,-450.41666,42.1577,1988
Amazonia,PGM,PGM_142_12,-47.65001224,-2.921466315,0.25,18.21736626,0.599196508,0.404822588,0.453668935,0.21,0.13,0.1,1,2,6,-0.914284017,-0.518895746,-0.604530141,0,0.693147181,1.791759469,-1.514127733,-1.966112856,-2.207274913,-450.41666,42.73777,1998
Amazonia,PGM,PGM_142_3,-47.66514477,-2.932548436,0.25,18.7215906,0.473930225,0.132690734,0.156245564,0.31,0.09,0.07,1,2,6,-0.642321423,-0.142359658,-0.169893779,0,0.693147181,1.791759469,-1.139434283,-2.302585093,-2.525728644,-450.41666,41.68787,2022
Amazonia,PGM,PGM_142_4,-47.6747351,-2.912676975,0.25,20.51137804,0.903177637,0.735638992,0.583071816,0.11,0.11,0.09,1,5,10,-2.334877289,-1.330439655,-0.874841293,0,1.609437912,2.302585093,-2.120263536,-2.120263536,-2.302585093,-433.37499,41.76959,2002
Amazonia,PGM,PGM_142_5,-47.632228,-2.922962848,0.25,25.58280146,0.984677387,0.931353278,0.736261186,0,0.08,0.12,1,1,4,-4.178425568,-2.678781897,-1.332796006,0,0,1.386294361,-4.605170186,-2.407945609,-2.040220829,-450.41666,41.34115,1994
Amazonia,PGM,PGM_142_6,-47.69270751,-2.899103956,0.25,14.25016152,0.845347988,0.665697233,0.545223972,0.28,0.17,0.14,5,8,19,-1.86657777,-1.095708209,-0.787950227,1.609437912,2.079441542,2.944438979,-1.237874356,-1.714798428,-1.897119985,-433.37499,41.62196,2005
Amazonia,PGM,PGM_147_1,-47.18372667,-2.947926459,0.25,15.68946216,0.982107905,0.988484289,0.849373942,0,0.01,0.05,1,1,1,-4.023396284,-4.464043002,-1.892954951,0,0,0,-4.605170186,-3.912023005,-2.813410717,-461.16666,42.02046,1934
Amazonia,PGM,PGM_147_11,-47.20058778,-2.909880809,0.25,20.26213112,0.765101908,0.693141141,0.773727521,0.13,0.08,0.1,1,3,7,-1.44860351,-1.18136738,-1.486015347,0,1.098612289,1.945910149,-1.966112856,-2.407945609,-2.207274913,-447.16666,41.25631,1945
Amazonia,PGM,PGM_147_2,-47.15518334,-2.948694217,0.25,18.6652904,0.724342628,0.756530814,0.859827652,0.12,0.11,0.06,1,1,1,-1.28859659,-1.412764891,-1.964882556,0,0,0,-2.040220829,-2.120263536,-2.659260037,-455.16666,39.1094,1925
Amazonia,PGM,PGM_147_3,-47.15650866,-2.914919214,0.25,16.47599448,0.981753153,0.964508187,0.892719996,0,0.09,0.09,1,1,2,-4.003762981,-3.338453229,-2.232313003,0,0,0.693147181,-4.605170186,-2.302585093,-2.302585093,-446.16666,40.95452,1932
Amazonia,PGM,PGM_147_5,-47.17504624,-2.939849948,0.25,17.30419146,0.898090199,0.841711609,0.859246137,0.11,0.07,0.08,1,1,1,-2.283667161,-1.84333665,-1.960742567,0,0,0,-2.120263536,-2.525728644,-2.407945609,-461.16666,40.2337,1934
Amazonia,PGM,PGM_147_7,-47.17363595,-2.911831268,0.25,18.79454536,0.981463391,0.983310189,0.950146076,0,0.02,0.08,1,1,1,-3.988007637,-4.092956866,-2.99865807,0,0,0,-4.605170186,-3.506557897,-2.407945609,-447.16666,40.95452,1930
Amazonia,PGM,PGM_147_8,-47.19968338,-2.899650842,0.25,18.99096806,0.982125252,0.987590548,0.91427383,0,0,0.03,1,1,3,-4.024366288,-4.389296839,-2.456597132,0,0,1.098612289,-4.605170186,-4.605170186,-3.218875825,-447.16666,40.12055,1928
Amazonia,PGM,PGM_202_1,-47.38545809,-2.964548975,0.25,14.17208856,0.895848439,0.681112539,0.448266159,0.13,0.12,0.11,1,4,21,-2.261908123,-1.142917025,-0.594689521,0,1.386294361,3.044522438,-1.966112856,-2.040220829,-2.120263536,-474.41666,48.88918,1961
Amazonia,PGM,PGM_202_13,-47.42943088,-2.995101285,0.25,17.51800662,0.632888654,0.43610465,0.313395331,0.25,0.23,0.13,3,4,8,-1.002090082,-0.572886594,-0.375996598,1.098612289,1.386294361,2.079441542,-1.347073648,-1.427116356,-1.966112856,-476.41666,47.98199,1964
Amazonia,PGM,PGM_202_2,-47.37930955,-3.055349663,0.25,7.6370138,0.760833851,0.492248548,0.323966938,0.29,0.18,0.11,1,5,22,-1.430596784,-0.677763219,-0.391513296,0,1.609437912,3.091042453,-1.203972804,-1.660731207,-2.120263536,-488.41666,49.31348,1950
Amazonia,PGM,PGM_235_1,-47.30189582,-3.088808929,0.25,20.43890056,0.315360521,0.161937725,0.101743907,0.28,0.15,0.1,7,8,39,-0.378862887,-0.176662867,-0.10730007,1.945910149,2.079441542,3.663561646,-1.237874356,-1.832581464,-2.207274913,-505.20833,48.74953,1945
Amazonia,PGM,PGM_235_3,-47.34855765,-3.107509167,0.25,11.61174512,0.979833218,0.903498932,0.806286447,0,0.07,0.08,1,1,2,-3.903718484,-2.338201203,-1.641374742,0,0,0.693147181,-4.605170186,-2.525728644,-2.407945609,-497.04166,46.87183,1930
Amazonia,PGM,PGM_245_2,-46.82962279,-3.111905097,0.25,16.3989169,0.983482698,0.988097378,0.989327387,0,0,0.01,1,1,1,-4.103346841,-4.430996567,-4.540074351,0,0,0,-4.605170186,-4.605170186,-3.912023005,-478.37501,40.28309,1898
Amazonia,PGM,PGM_245_4,-46.82833182,-3.126749363,0.25,16.83948716,0.982758639,0.987584903,0.971239647,0,0,0.06,1,1,1,-4.060444073,-4.388842047,-3.548757472,0,0,0,-4.605170186,-4.605170186,-2.659260037,-488.37501,42.13074,1891
Amazonia,PGM,PGM_245_5,-46.81901838,-3.104746959,0.25,22.45678388,0.975945875,0.966489542,0.828806852,0,0.06,0.05,1,1,3,-3.727448779,-3.39589771,-1.764962839,0,0,1.098612289,-4.605170186,-2.659260037,-2.813410717,-478.37501,42.07453,1908
Amazonia,PGM,PGM_245_6,-46.87154277,-3.106102293,0.25,24.75636288,0.980094155,0.918338286,0.644155754,0.03,0.14,0.13,1,3,14,-3.916741872,-2.505170004,-1.033262155,0,1.098612289,2.63905733,-3.218875825,-1.897119985,-1.966112856,-472.25001,43.61503,1899
Amazonia,PGM,PGM_245_8,-46.81591485,-3.122942734,0.25,25.58330072,0.984432938,0.869199786,0.705841391,0.02,0.11,0.11,1,4,15,-4.162598007,-2.034084204,-1.223636171,0,1.386294361,2.708050201,-3.506557897,-2.120263536,-2.120263536,-478.37501,43.06442,1905
Amazonia,PGM,PGM_245_9,-46.83199679,-3.13849307,0.25,21.26874004,0.975498598,0.831253174,0.692002723,0.05,0.12,0.08,1,1,3,-3.709024939,-1.779355758,-1.177664337,0,0,1.098612289,-2.813410717,-2.040220829,-2.407945609,-488.37501,42.39961,1886
Amazonia,PGM,PGM_269_1,-47.60780938,-3.171224878,0.25,21.46200362,0.959982483,0.916382451,0.676737598,0.19,0.18,0.14,1,1,3,-3.218437996,-2.481501865,-1.129290895,0,0,1.098612289,-1.609437912,-1.660731207,-1.897119985,-493.33334,40.68308,1959
Amazonia,PGM,PGM_269_10,-47.63522274,-3.220176693,0.25,19.35690366,0.983718918,0.945099774,0.742632235,0,0.06,0.09,1,2,9,-4.117751459,-2.902237814,-1.357249225,0,0.693147181,2.197224577,-4.605170186,-2.659260037,-2.302585093,-491.33334,44.89676,1942
Amazonia,PGM,PGM_269_11,-47.59245928,-3.249098943,0.25,19.01330288,0.978928881,0.988419531,0.991960951,0,0,0,1,1,1,-3.859851944,-4.458435307,-4.823444486,0,0,0,-4.605170186,-4.605170186,-4.605170186,-493.33334,42.12176,1927
Amazonia,PGM,PGM_269_2,-47.63233608,-3.18976783,0.25,13.4579301,0.951749714,0.79973977,0.703695575,0.09,0.15,0.15,1,2,11,-3.031353524,-1.608137608,-1.21636789,0,0.693147181,2.397895273,-2.302585093,-1.832581464,-1.832581464,-491.33334,41.94152,1944
Amazonia,PGM,PGM_269_4,-47.6194886,-3.222015017,0.25,24.10801882,0.981491677,0.988500757,0.867288784,0,0,0.05,1,1,8,-3.989534756,-4.465474072,-2.01957982,0,0,2.079441542,-4.605170186,-4.605170186,-2.813410717,-493.33334,42.31018,1935
Amazonia,PGM,PGM_269_6,-47.61817594,-3.182992967,0.25,11.68670634,0.797655368,0.68652126,0.546033544,0.21,0.14,0.13,1,1,9,-1.597782936,-1.160023736,-0.789731969,0,0,2.197224577,-1.514127733,-1.897119985,-1.966112856,-493.33334,42.29004,1946
Amazonia,PGM,PGM_269_7,-47.59704445,-3.219809642,0.25,18.46119982,0.968320583,0.985961218,0.942204944,0.08,0.02,0.06,1,1,2,-3.452088115,-4.265931636,-2.850852043,0,0,0.693147181,-2.407945609,-3.506557897,-2.659260037,-493.33334,41.35947,1935
Amazonia,PGM,PGM_269_8,-47.59665746,-3.235616265,0.25,24.91380562,0.982822065,0.98751836,0.991203588,0,0,0.01,1,1,1,-4.064129568,-4.383496514,-4.733411368,0,0,0,-4.605170186,-4.605170186,-3.912023005,-493.33334,41.18281,1927
Amazonia,PGM,PGM_274_1,-47.37246137,-3.206534945,0.25,18.23705092,0.721340272,0.61685956,0.554797202,0.13,0.08,0.04,1,6,6,-1.277763854,-0.959353673,-0.809225375,0,1.791759469,1.791759469,-1.966112856,-2.407945609,-2.995732274,-501.95834,45.03155,1887
Amazonia,PGM,PGM_274_2,-47.36409059,-3.233232784,0.25,17.4414126,0.700992468,0.474147794,0.340041146,0.16,0.08,0.07,1,1,3,-1.207286515,-0.642735083,-0.415577788,0,0,1.098612289,-1.771956842,-2.407945609,-2.525728644,-501.95834,44.68748,1904
Amazonia,PGM,PGM_274_3,-47.38169478,-3.25994356,0.25,29.214246,0.756281841,0.649993497,0.592062071,0.13,0.08,0.07,1,2,6,-1.411742807,-1.049803545,-0.896640251,0,0.693147181,1.791759469,-1.966112856,-2.407945609,-2.525728644,-517.95834,44.33857,1912
Amazonia,PGM,PGM_274_4,-47.35412085,-3.258913743,0.25,11.29273682,0.513846492,0.428265158,0.470786689,0.19,0.1,0.09,3,4,17,-0.721230845,-0.559079958,-0.636363694,1.098612289,1.386294361,2.833213344,-1.609437912,-2.207274913,-2.302585093,-517.95834,43.11718,1902
Amazonia,PGM,PGM_274_5,-47.39389897,-3.231265915,0.25,11.84073276,0.981471388,0.907624062,0.613283843,0.01,0.06,0.08,1,1,7,-3.988439147,-2.381888746,-0.950064299,0,0,1.945910149,-3.912023005,-2.659260037,-2.407945609,-501.95834,47.11971,1902
Amazonia,PGM,PGM_274_6,-47.34152086,-3.225032752,0.25,19.31622496,0.908841838,0.803765953,0.694274742,0.09,0.08,0.06,1,2,5,-2.395159237,-1.628447215,-1.18506843,0,0.693147181,1.609437912,-2.302585093,-2.407945609,-2.659260037,-501.95834,46.4232,1903
Amazonia,PGM,PGM_274_7,-47.37523881,-3.246098416,0.25,22.01230432,0.805007873,0.662057416,0.534545878,0.12,0.09,0.11,1,4,7,-1.634796096,-1.084879268,-0.764741744,0,1.386294361,1.945910149,-2.040220829,-2.302585093,-2.120263536,-501.95834,45.34381,1911
Amazonia,PGM,PGM_274_8,-47.39691857,-3.208822409,0.25,15.00050848,0.983575298,0.963151702,0.797944299,0,0.08,0.06,1,1,1,-4.108968858,-3.300945849,-1.599211872,0,0,0,-4.605170186,-2.407945609,-2.659260037,-501.95834,46.40894,1897
Amazonia,PGM,PGM_315_1,-47.51666352,-3.323214419,0.25,10.51734208,0.679461271,0.532161971,0.471011566,0.26,0.2,0.26,1,2,27,-1.137752171,-0.759633135,-0.636788711,0,0.693147181,3.295836866,-1.30933332,-1.560647748,-1.30933332,-519.95834,43.08202,1898
Amazonia,PGM,PGM_315_3,-47.53387605,-3.299977881,0.25,17.92757252,0.829012082,0.689613995,0.598573585,0.22,0.27,0.25,4,13,42,-1.76616238,-1.169938579,-0.912731038,1.386294361,2.564949357,3.737669618,-1.46967597,-1.272965676,-1.347073648,-519.95834,41.56048,1919
Amazonia,PGM,PGM_342_1,-48.18080336,-3.320847209,0.25,17.04187586,0.976299156,0.987403494,0.985581121,0,0,0.01,1,1,1,-3.74224462,-4.374335805,-4.239216889,0,0,0,-4.605170186,-4.605170186,-3.912023005,-436.20834,40.01893,2039
Amazonia,PGM,PGM_342_2,-48.18532491,-3.293803132,0.25,15.54398282,0.980190223,0.989692938,0.991144682,0,0,0.01,1,1,1,-3.921579675,-4.574925988,-4.726737096,0,0,0,-4.605170186,-4.605170186,-3.912023005,-436.20834,39.37005,2061
Amazonia,PGM,PGM_342_4,-48.13641629,-3.282168279,0.25,19.76474884,0.983652723,0.987840307,0.991748321,0,0,0,1,1,1,-4.11369394,-4.409628649,-4.797338584,0,0,0,-4.605170186,-4.605170186,-4.605170186,-436.20834,40.08277,2054
Amazonia,PGM,PGM_342_5,-48.13702877,-3.267618088,0.25,17.37595616,0.982283026,0.988346176,0.99173508,0,0,0,1,1,1,-4.033232116,-4.452120912,-4.795735227,0,0,0,-4.605170186,-4.605170186,-4.605170186,-436.20834,38.6123,2059
Amazonia,PGM,PGM_342_6,-48.15287743,-3.263491431,0.25,16.63475288,0.981573156,0.988319289,0.991826252,0,0,0,1,1,1,-3.993946765,-4.44981643,-4.806827724,0,0,0,-4.605170186,-4.605170186,-4.605170186,-436.20834,37.62605,2054
Amazonia,PGM,PGM_342_7,-48.19709342,-3.318386523,0.25,13.10406466,0.982203337,0.987883695,0.90447879,0,0,0.04,1,1,2,-4.028744311,-4.413203213,-2.348406962,0,0,0.693147181,-4.605170186,-4.605170186,-2.995732274,-436.20834,39.80065,2049
Amazonia,PGM,PGM_342_8,-48.135957,-3.298280284,0.25,15.30761618,0.981567759,0.988249203,0.991723123,0,0,0,1,1,1,-3.993653919,-4.443834211,-4.794289556,0,0,0,-4.605170186,-4.605170186,-4.605170186,-442.20834,37.76924,2054
Amazonia,PGM,PGM_342_9,-48.17932041,-3.27409114,0.25,20.73523492,0.984132616,0.98758567,0.991010106,0,0,0.01,1,1,1,-4.143489597,-4.388903828,-4.711654221,0,0,0,-4.605170186,-4.605170186,-3.912023005,-433.20834,39.33877,2063
Amazonia,PGM,PGM_358_4,-47.19381869,-3.264355565,0.25,21.58323902,0.982036622,0.988914964,0.961627511,0,0,0.04,1,1,2,-4.019420149,-4.502159188,-3.260414508,0,0,0.693147181,-4.605170186,-4.605170186,-2.995732274,-522.08334,41.27697,1853
Amazonia,PGM,PGM_358_5,-47.21142844,-3.278991113,0.25,15.94934426,0.979500459,0.989017504,0.982824112,0,0,0.04,1,1,5,-3.887352783,-4.511452546,-4.064248739,0,0,1.609437912,-4.605170186,-4.605170186,-2.995732274,-522.08334,43.76896,1848
Amazonia,PGM,PGM_369_1,-47.80113866,-3.331745568,0.25,10.25089424,0.958405866,0.980928455,0.90093324,0.18,0.07,0.09,1,1,6,-3.179796131,-3.959557845,-2.311961313,0,0,1.791759469,-1.660731207,-2.525728644,-2.302585093,-490.33334,41.46922,1966
Amazonia,PGM,PGM_369_10,-47.81210751,-3.360899033,0.25,21.13734018,0.980665811,0.931603207,0.758315552,0,0.06,0.07,1,1,5,-3.945880299,-2.682429341,-1.420122338,0,0,1.609437912,-4.605170186,-2.659260037,-2.525728644,-490.25002,39.82917,1940
Amazonia,PGM,PGM_369_3,-47.8422735,-3.347689544,0.25,10.21964182,0.589312956,0.612787797,0.527489003,0.14,0.11,0.07,1,1,6,-0.889923805,-0.948782408,-0.749694258,0,0,1.791759469,-1.897119985,-2.120263536,-2.525728644,-482.20834,41.41439,1951
Amazonia,PGM,PGM_369_4,-47.81367888,-3.371670192,0.25,13.83734572,0.926312911,0.819641362,0.684459382,0.11,0.15,0.11,2,6,18,-2.607927678,-1.712807977,-1.153467864,0.693147181,1.791759469,2.890371758,-2.120263536,-1.832581464,-2.120263536,-490.25002,40.6761,1942
Amazonia,PGM,PGM_369_5,-47.79092971,-3.34709895,0.25,17.92375428,0.980389939,0.815707504,0.8048196,0.12,0.2,0.11,2,9,23,-3.931712528,-1.691231131,-1.63383102,0.693147181,2.197224577,3.135494216,-2.040220829,-1.560647748,-2.120263536,-495.25002,39.51409,1940
Amazonia,PGM,PGM_369_6,-47.81074354,-3.339889584,0.25,9.675508112,0.980090916,0.985811548,0.905869109,0,0.04,0.07,1,1,2,-3.916579169,-4.255326885,-2.363069008,0,0,0.693147181,-4.605170186,-2.995732274,-2.525728644,-490.25002,40.67612,1952
Amazonia,PGM,PGM_369_7,-47.7752267,-3.370790367,0.25,17.14941772,0.980142802,0.989344222,0.913134273,0,0.01,0.04,1,1,10,-3.919188718,-4.541652999,-2.44339172,0,0,2.302585093,-4.605170186,-3.912023005,-2.995732274,-495.25002,40.75751,1930
Amazonia,PGM,PGM_369_8,-47.77827593,-3.358712686,0.25,16.64319634,0.983565146,0.975484566,0.908416693,0,0.05,0.06,1,1,16,-4.108350955,-3.708452401,-2.390506262,0,0,2.772588722,-4.605170186,-2.813410717,-2.659260037,-495.25002,39.89333,1930
Amazonia,PGM,PGM_423_1,-47.44887535,-3.465355207,0.25,9.48272464,0.794041819,0.736140988,0.582461993,0.36,0.32,0.26,8,27,80,-1.580082136,-1.332340364,-0.873379704,2.079441542,3.295836866,4.382026635,-0.994252273,-1.108662625,-1.30933332,-554.95834,42.66456,1869
Amazonia,PGM,PGM_423_5,-47.45819297,-3.469391607,0.25,12.75485584,0.613101407,0.516941275,0.42360494,0.41,0.29,0.16,5,22,50,-0.949592654,-0.727617049,-0.550961985,1.609437912,3.091042453,3.912023005,-0.867500568,-1.203972804,-1.771956842,-554.95834,42.43308,1863
Amazonia,PGM,PGM_423_6,-47.41892107,-3.468080395,0.25,12.75385418,0.845941025,0.718120362,0.68355392,0.28,0.25,0.28,11,40,118,-1.870419795,-1.266275115,-1.150602415,2.397895273,3.688879454,4.770684624,-1.237874356,-1.347073648,-1.237874356,-554.95834,43.5542,1851
Amazonia,PGM,PGM_423_7,-47.52314297,-3.493390576,0.25,31.96626446,0.980562311,0.968905548,0.877058857,0.03,0.09,0.17,1,2,13,-3.940541366,-3.470725868,-2.09604955,0,0.693147181,2.564949357,-3.218875825,-2.302585093,-1.714798428,-538.83335,43.40394,1861
Amazonia,PGM,PGM_423_9,-47.50365452,-3.451347545,0.25,5.57447026,0.465059248,0.334121903,0.308468208,0.41,0.28,0.28,2,7,51,-0.625599282,-0.406648663,-0.368846154,0.693147181,1.945910149,3.931825633,-0.867500568,-1.237874356,-1.237874356,-532.83335,44.59198,1881
Amazonia,PGM,PGM_44_1,-46.94881248,-2.631415769,0.25,9.59842736,0.342267505,0.443737745,0.614234286,0.33,0.35,0.29,5,13,27,-0.418956973,-0.586515414,-0.952525052,1.609437912,2.564949357,3.295836866,-1.078809661,-1.021651248,-1.203972804,-368.29169,42.31915,2039
Amazonia,PGM,PGM_44_2,-46.98889012,-2.558791379,0.25,16.94648894,0.757062789,0.69000153,0.593857971,0.14,0.08,0.07,1,1,3,-1.41495226,-1.171187917,-0.901052355,0,0,1.098612289,-1.897119985,-2.407945609,-2.525728644,-349.50001,43.71048,2060
Amazonia,PGM,PGM_44_4,-46.93731882,-2.580655631,0.25,14.72709298,0.580381807,0.46277613,0.322753176,0.46,0.39,0.25,2,6,37,-0.868410045,-0.621340381,-0.389719488,0.693147181,1.791759469,3.610917913,-0.755022584,-0.916290732,-1.347073648,-350.29169,41.36635,2056
Amazonia,PGM,PGM_44_5,-46.97433778,-2.550278052,0.25,21.0182965,0.315509491,0.319282088,0.279659888,0.23,0.18,0.16,2,4,10,-0.3790805,-0.384607285,-0.328031801,0.693147181,1.386294361,2.302585093,-1.427116356,-1.660731207,-1.771956842,-349.50001,44.61111,2062
Amazonia,PGM,PGM_44_6,-46.95804429,-2.597643892,0.25,12.36599196,0.237680965,0.137088577,0.107499284,0.23,0.12,0.09,5,9,31,-0.27139013,-0.147443232,-0.113727963,1.609437912,2.197224577,3.433987204,-1.427116356,-2.040220829,-2.302585093,-359.29169,41.94152,2056
Amazonia,PGM,PGM_443_1,-47.05616982,-3.433571806,0.25,11.94392258,0.910594914,0.949698383,0.769914281,0.23,0.14,0.09,1,1,1,-2.414577708,-2.989718055,-1.469303348,0,0,0,-1.427116356,-1.897119985,-2.302585093,-561.33332,43.17643,1795
Amazonia,PGM,PGM_443_2,-47.08331859,-3.439199523,0.25,21.06177922,0.730958198,0.629010035,0.612097238,0.13,0.07,0.05,1,1,1,-1.312888514,-0.991580265,-0.947000584,0,0,0,-1.966112856,-2.525728644,-2.813410717,-561.33332,43.03584,1801
Amazonia,PGM,PGM_443_4,-47.08032616,-3.466756713,0.25,21.81792576,0.433722004,0.220377843,0.075133573,0.23,0.14,0.05,2,2,2,-0.568670162,-0.248945891,-0.078105955,0.693147181,0.693147181,0.693147181,-1.427116356,-1.897119985,-2.813410717,-569.33332,46.2372,1811
Amazonia,PGM,PGM_547_1,-48.03800433,-3.723410057,0.25,23.82577992,0.742531603,0.670275545,0.657968071,0.2,0.12,0.12,3,6,21,-1.356858297,-1.109497958,-1.072851187,1.098612289,1.791759469,3.044522438,-1.560647748,-2.040220829,-2.040220829,-499.25001,41.31136,1908
Amazonia,PGM,PGM_547_2,-48.06654267,-3.716013327,0.25,13.79197272,0.776556714,0.831724516,0.872345879,0.39,0.21,0.15,1,1,6,-1.498597651,-1.782152857,-2.058430852,0,0,1.791759469,-0.916290732,-1.514127733,-1.832581464,-495.25001,42.79089,1914
Amazonia,PGM,PGM_547_5,-48.066555,-3.701203013,0.25,18.49579634,0.941775463,0.966985627,0.930803543,0.24,0.14,0.1,1,1,1,-2.843448415,-3.410812267,-2.670805617,0,0,0,-1.386294361,-1.897119985,-2.207274913,-491.25001,41.52399,1917
Amazonia,PGM,PGM_549_1,-48.53407485,-3.789204842,0.25,22.6778336,0.980175405,0.987725167,0.984708578,0,0,0.04,1,1,1,-3.92083194,-4.40020421,-4.180463261,0,0,0,-4.605170186,-4.605170186,-2.995732274,-433.08334,42.33703,2016
Amazonia,PGM,PGM_549_10,-48.52600986,-3.774835814,0.25,28.92350712,0.981468288,0.988775267,0.991792028,0,0,0,1,1,1,-3.988271852,-4.489635632,-4.802649402,0,0,0,-4.605170186,-4.605170186,-4.605170186,-433.08334,42.0745,2021
Amazonia,PGM,PGM_549_12,-48.49511325,-3.747985289,0.25,31.65994804,0.979970032,0.988656428,0.99239325,0,0,0,1,1,1,-3.910525727,-4.479104039,-4.878719268,0,0,0,-4.605170186,-4.605170186,-4.605170186,-430.08334,41.62193,2021
Amazonia,PGM,PGM_549_2,-48.51076002,-3.772295044,0.25,22.03449784,0.980988668,0.988818907,0.992131132,0,0,0,1,1,1,-3.962720057,-4.493531052,-4.844841064,0,0,0,-4.605170186,-4.605170186,-4.605170186,-433.08334,42.07451,2024
Amazonia,PGM,PGM_549_3,-48.49750043,-3.731710124,0.25,21.71433088,0.981642019,0.988862587,0.991616109,0,0,0,1,1,1,-3.997690867,-4.497445298,-4.781443152,0,0,0,-4.605170186,-4.605170186,-4.605170186,-430.08334,42.39066,2028
Amazonia,PGM,PGM_549_4,-48.52727141,-3.738645778,0.25,26.23650864,0.982942829,0.988348459,0.992049212,0,0,0,1,1,1,-4.071184577,-4.452316833,-4.834484236,0,0,0,-4.605170186,-4.605170186,-4.605170186,-430.08334,42.55791,2034
Amazonia,PGM,PGM_549_5,-48.53505765,-3.751172502,0.25,22.93856036,0.981368799,0.988083925,0.991974301,0,0,0,1,1,1,-3.982917631,-4.42986695,-4.825106511,0,0,0,-4.605170186,-4.605170186,-4.605170186,-433.08334,41.74914,2027
Amazonia,PGM,PGM_549_6,-48.4852006,-3.73997735,0.25,33.70513994,0.982416936,0.987757412,0.992038147,0,0,0,1,1,1,-4.040819113,-4.402834586,-4.833093517,0,0,0,-4.605170186,-4.605170186,-4.605170186,-430.08334,42.22954,2019
Amazonia,PGM,PGM_549_7,-48.51563982,-3.784137338,0.25,37.15626684,0.981270261,0.988997885,0.992245494,0,0,0,1,1,1,-3.977642697,-4.509667752,-4.859481185,0,0,0,-4.605170186,-4.605170186,-4.605170186,-433.08334,42.98299,2017
Amazonia,PGM,PGM_549_9,-48.53881672,-3.728801782,0.25,18.22009178,0.98098732,0.987914263,0.991957754,0,0,0,1,1,1,-3.962649154,-4.415729282,-4.823046882,0,0,0,-4.605170186,-4.605170186,-4.605170186,-430.08334,42.22955,2038
Amazonia,PGM,PGM_Extra_1,-48.49195172,-3.771547534,0.25,32.15403018,0.982744078,0.988480739,0.991894698,0,0,0,1,1,1,-4.05959989,-4.463734775,-4.815236864,0,0,0,-4.605170186,-4.605170186,-4.605170186,-433.08334,42.07452,2020
Amazonia,PGM,PGM_Extra_2,-48.47739569,-3.773435192,0.25,20.45844706,0.982759209,0.988475231,0.991919258,0,0,0,1,1,1,-4.060477133,-4.463256734,-4.818271579,0,0,0,-4.605170186,-4.605170186,-4.605170186,-433.08334,42.85942,2010
Amazonia,PGM,PGM_Extra_3,-48.49727984,-3.77970294,0.25,34.42159374,0.983515208,0.987762376,0.991996418,0,0,0,1,1,1,-4.10531702,-4.403240138,-4.827866088,0,0,0,-4.605170186,-4.605170186,-4.605170186,-433.08334,41.74914,2012
Amazonia,PGM,PGM_Extra_4,-48.50137812,-3.794391001,0.25,24.79693796,0.981308537,0.988429371,0.992196395,0,0,0,1,1,1,-3.979688383,-4.459285375,-4.853169473,0,0,0,-4.605170186,-4.605170186,-4.605170186,-435.08334,42.33703,2012
Natlantic,SGD,SGD_C1,-35.86590608,-9.005790568,0.1,51.25870235,0.943697292,0.918937954,0.719485728,0.12,0.14,0.19,1,1,6,-2.877012646,-2.512540418,-1.271130675,0,0,1.791759469,-2.040220829,-1.897119985,-1.609437912,-399.74998,127.58837,1708
Natlantic,SGD,SGD_C15,-35.84323612,-9.005800566,0.1,32.3334592,0.9817963,0.905526774,0.802965053,0.03,0.07,0.23,1,1,6,-4.006130409,-2.359438807,-1.62437417,0,0,1.791759469,-3.218875825,-2.525728644,-1.427116356,-399.74998,129.47154,1704
Natlantic,SGD,SGD_C16,-35.8555861,-9.001620574,0.1,39.74157485,0.844431952,0.80924643,0.749442967,0.25,0.2,0.23,1,2,6,-1.860672035,-1.656772893,-1.384068708,0,0.693147181,1.791759469,-1.347073648,-1.560647748,-1.427116356,-399.74998,129.93807,1720
Natlantic,SGD,SGD_C17,-35.85813609,-9.002400573,0.1,63.96901014,0.811214968,0.831980634,0.748905696,0.19,0.21,0.23,1,2,6,-1.667146308,-1.783676032,-1.381926697,0,0.693147181,1.791759469,-1.609437912,-1.514127733,-1.427116356,-399.74998,129.93807,1720
Natlantic,SGD,SGD_C18,-35.86760608,-9.007670565,0.1,40.23132638,0.981158826,0.934654427,0.710941605,0.04,0.11,0.18,1,2,6,-3.971710698,-2.728065584,-1.241126552,0,0.693147181,1.791759469,-2.995732274,-2.120263536,-1.660731207,-399.74998,129.23433,1733
Natlantic,SGD,SGD_C19,-35.86888607,-9.01106056,0.1,77.5217958,0.98032044,0.910913436,0.702495759,0.03,0.09,0.16,1,4,6,-3.928174745,-2.418146753,-1.212326799,0,1.386294361,1.791759469,-3.218875825,-2.302585093,-1.771956842,-399.74998,129.09356,1744
Natlantic,SGD,SGD_C2,-35.8547761,-9.002900572,0.1,38.54274671,0.95240642,0.853608591,0.739860074,0.18,0.16,0.23,1,2,6,-3.045057401,-1.921471361,-1.346535616,0,0.693147181,1.791759469,-1.660731207,-1.771956842,-1.427116356,-399.74998,129.93807,1720
Natlantic,SGD,SGD_C20,-35.86652608,-9.00484057,0.1,32.31319278,0.929787886,0.915285702,0.726708794,0.13,0.14,0.2,1,1,5,-2.656234419,-2.468470884,-1.297217364,0,0,1.609437912,-1.966112856,-1.897119985,-1.560647748,-399.74998,127.58837,1708
Natlantic,SGD,SGD_C21,-35.87040607,-9.007540566,0.1,40.21950816,0.982231307,0.957115831,0.724512524,0,0.1,0.19,1,1,5,-4.03031719,-3.149252542,-1.289213111,0,0,1.609437912,-4.605170186,-2.207274913,-1.609437912,-399.74998,129.23433,1733
Natlantic,SGD,SGD_C22,-35.86635608,-9.003510572,0.1,48.26103855,0.881879016,0.893516353,0.738343057,0.18,0.17,0.21,1,1,5,-2.136045892,-2.239763855,-1.340721011,0,0,1.609437912,-1.660731207,-1.714798428,-1.514127733,-399.74998,127.58837,1708
Natlantic,SGD,SGD_C23,-35.86852607,-9.001980575,0.1,41.827304,0.898250496,0.852047693,0.740614181,0.19,0.23,0.24,1,1,5,-2.285241329,-1.910865307,-1.349438677,0,0,1.609437912,-1.609437912,-1.427116356,-1.386294361,-399.74998,129.23433,1733
Natlantic,SGD,SGD_C24,-35.86628608,-9.000980576,0.1,29.27528494,0.793507597,0.842934707,0.732490428,0.32,0.27,0.24,1,1,7,-1.577491657,-1.851093681,-1.31859993,0,0,1.945910149,-1.108662625,-1.272965676,-1.386294361,-399.74998,127.58837,1708
Natlantic,SGD,SGD_C25,-35.87175607,-9.002180574,0.1,49.27466195,0.954829609,0.783761246,0.749496799,0.12,0.22,0.25,1,1,4,-3.097313473,-1.531372139,-1.38428358,0,0,1.386294361,-2.040220829,-1.46967597,-1.347073648,-399.74998,129.23433,1733
Natlantic,SGD,SGD_C26,-35.86386608,-9.006910566,0.1,47.40356735,0.956203223,0.893256568,0.720476031,0.09,0.14,0.19,1,2,6,-3.128195049,-2.237327156,-1.274667233,0,0.693147181,1.791759469,-2.302585093,-1.897119985,-1.609437912,-399.74998,127.58837,1708
Natlantic,SGD,SGD_C27,-35.87140607,-9.009540562,0.1,32.3332285,0.981351033,0.9647633,0.715277106,0,0.07,0.18,1,1,5,-3.981964523,-3.345667126,-1.256238873,0,0,1.609437912,-4.605170186,-2.525728644,-1.660731207,-399.74998,129.09356,1744
Natlantic,SGD,SGD_C28,-35.86154609,-8.996970582,0.1,39.48141808,0.632209492,0.640136741,0.727041601,0.45,0.38,0.26,1,2,12,-1.000241775,-1.022031156,-1.29843588,0,0.693147181,2.48490665,-0.776528789,-0.94160854,-1.30933332,-396.33332,128.6019,1665
Natlantic,SGD,SGD_C29,-35.86852607,-9.003570572,0.1,63.96901014,0.948472986,0.892672451,0.740100727,0.14,0.19,0.22,1,1,5,-2.965649065,-2.231869915,-1.347461135,0,0,1.609437912,-1.897119985,-1.609437912,-1.46967597,-399.74998,129.23433,1733
Natlantic,SGD,SGD_C3,-35.84257612,-9.000230575,0.1,25.9101496,0.971620949,0.928278158,0.740612583,0.07,0.14,0.24,2,2,16,-3.562104047,-2.634959947,-1.349432516,0.693147181,0.693147181,2.772588722,-2.525728644,-1.897119985,-1.386294361,-399.74998,129.47154,1704
Natlantic,SGD,SGD_C30,-35.86380608,-9.009370562,0.1,77.5217958,0.983633497,0.849523562,0.731856771,0.07,0.13,0.19,1,3,6,-4.112518533,-1.893948765,-1.316234005,0,1.098612289,1.791759469,-2.525728644,-1.966112856,-1.609437912,-399.74998,128.65489,1745
Natlantic,SGD,SGD_C4,-35.84323612,-9.00347057,0.1,46.5299487,0.982084544,0.960779564,0.780054167,0,0.1,0.23,1,2,14,-4.022091475,-3.238557341,-1.514373977,0,0.693147181,2.63905733,-4.605170186,-2.207274913,-1.427116356,-399.74998,129.47154,1704
Natlantic,SGD,SGD_P34,-36.10612569,-9.016790572,0.1,34.472,0.219681878,0.16332654,0.083721759,0.17,0.13,0.07,2,8,15,-0.248053594,-0.178321416,-0.087435204,0.693147181,2.079441542,2.708050201,-1.714798428,-1.966112856,-2.525728644,-443.58334,140.92229,1416
Natlantic,SGD,SGD_P35,-36.1030057,-9.01217058,0.1,28.55,0.461420506,0.205651916,0.078818766,0.33,0.17,0.07,3,4,14,-0.618820172,-0.230233521,-0.082098482,1.098612289,1.386294361,2.63905733,-1.078809661,-1.714798428,-2.525728644,-443.58334,142.51727,1414
Natlantic,SGD,SGD_P37,-36.00996585,-8.995030599,0.1,23.935,0.026895527,0.038119306,0.049719278,0.03,0.04,0.05,5,10,20,-0.027263831,-0.038864855,-0.050997841,1.609437912,2.302585093,2.995732274,-3.218875825,-2.995732274,-2.813410717,-433.24999,142.85178,1524
Natlantic,SGD,SGD_P39,-36.01050585,-9.001450588,0.1,7.843,0.040345474,0.033986237,0.085767258,0.04,0.03,0.09,1,9,32,-0.041181928,-0.034577197,-0.089670099,0,2.197224577,3.465735903,-2.995732274,-3.218875825,-2.302585093,-446.58334,143.18018,1524
Natlantic,SGD,SGD_P40,-36.02163583,-8.992930603,0.1,12.968,0.334870633,0.098057505,0.032499502,0.33,0.1,0.03,6,6,15,-0.40777372,-0.103204514,-0.033039339,1.791759469,1.791759469,2.708050201,-1.078809661,-2.207274913,-3.218875825,-433.24999,143.95128,1512
Natlantic,SGD,SGD_P41,-36.03705581,-8.996730599,0.1,8.739,0.018620001,0.00728436,0.034458908,0.02,0.01,0.03,2,2,13,-0.018795536,-0.00731102,-0.035066618,0.693147181,0.693147181,2.564949357,-3.506557897,-3.912023005,-3.218875825,-433.24999,142.93195,1486
Natlantic,SGD,SGD_P45,-36.05256578,-8.96013066,0.1,35.573,0.403857359,0.200005429,0.192041099,0.29,0.16,0.17,1,5,31,-0.51727531,-0.223150338,-0.213244087,0,1.609437912,3.433987204,-1.203972804,-1.771956842,-1.714798428,-434.24999,142.71714,1407
Natlantic,SGD,SGD_P47,-35.89089604,-8.983050608,0.1,41.033,0.20411307,0.219867749,0.244331528,0.21,0.18,0.16,2,7,10,-0.228298151,-0.248291821,-0.280152528,0.693147181,1.945910149,2.302585093,-1.514127733,-1.660731207,-1.771956842,-377.74998,133.77106,1707
Natlantic,SGD,SGD_P48,-36.00577586,-8.913500732,0.1,55.764,0.227996401,0.146379819,0.275644661,0.23,0.15,0.2,3,8,30,-0.258766067,-0.158268937,-0.322473207,1.098612289,2.079441542,3.401197382,-1.427116356,-1.832581464,-1.560647748,-535.91666,143.14845,1269
Natlantic,SGD,SGD_P49,-35.99771588,-8.911980734,0.1,17.697,0.013451564,0.044976648,0.227961132,0.01,0.05,0.14,2,3,23,-0.013542856,-0.046019486,-0.258720383,0.693147181,1.098612289,3.135494216,-3.912023005,-2.813410717,-1.897119985,-514.99998,143.65888,1245
Natlantic,SGD,SGD_P50,-36.01384585,-8.902540751,0.1,23.26,0.547876161,0.311679176,0.211863612,0.4,0.24,0.17,2,7,34,-0.793799157,-0.373500236,-0.238084123,0.693147181,1.945910149,3.526360525,-0.891598119,-1.386294361,-1.714798428,-535.91666,142.40361,1272
Natlantic,SGD,SGD_P51,-36.01691585,-8.907910742,0.1,24.504,0.321286068,0.424204044,0.271615727,0.29,0.33,0.22,1,7,37,-0.387555548,-0.552001924,-0.316926523,0,1.945910149,3.610917913,-1.203972804,-1.078809661,-1.46967597,-535.91666,142.80205,1223
Natlantic,SGD,SGD_P52,-35.93408598,-8.922450711,0.1,25.031,0.685461562,0.472437193,0.334517599,0.37,0.33,0.23,3,6,14,-1.156648991,-0.639487355,-0.407243086,1.098612289,1.791759469,2.63905733,-0.967584026,-1.078809661,-1.427116356,-434.33332,139.22404,1421
Natlantic,SGD,SGD_P53,-35.94390596,-8.91735072,0.1,23.445,0.722141202,0.379240631,0.258750046,0.32,0.24,0.18,1,3,11,-1.280642215,-0.476811762,-0.299417391,0,1.098612289,2.397895273,-1.108662625,-1.386294361,-1.660731207,-434.33332,139.12062,1401
Natlantic,SGD,SGD_P54,-35.92318599,-8.924670706,0.1,39.789,0.412071885,0.222378254,0.308596885,0.3,0.18,0.21,4,8,18,-0.531150592,-0.251515061,-0.369032246,1.386294361,2.079441542,2.890371758,-1.171182982,-1.660731207,-1.514127733,-434.33332,136.69807,1480
Natlantic,SGD,SGD_P55,-35.93403598,-8.927330703,0.1,29.468,0.565861747,0.363667904,0.261808542,0.29,0.26,0.18,2,7,18,-0.83439224,-0.452034688,-0.30355206,0.693147181,1.945910149,2.890371758,-1.203972804,-1.30933332,-1.660731207,-434.33332,138.04574,1470
Natlantic,SGD,SGD_P57,-36.02632583,-8.917880727,0.1,45.507,0.581398648,0.46001197,0.361732539,0.47,0.38,0.28,3,10,28,-0.870836239,-0.616208306,-0.448997866,1.098612289,2.302585093,3.33220451,-0.733969175,-0.94160854,-1.237874356,-465.24999,141.36443,1284
Amazonia,STM,STM_112_12,-54.45193796,-2.693105196,0.25,17.58974306,0.945050002,0.658547316,0.731709759,0.21,0.23,0.23,1,4,8,-2.901331635,-1.074546163,-1.315685896,0,1.386294361,2.079441542,-1.514127733,-1.427116356,-1.427116356,-323.08333,64.73135,1899
Amazonia,STM,STM_112_8,-54.49581566,-2.693621459,0.25,19.87305372,0.866609236,0.559198221,0.443846026,0.19,0.2,0.2,2,10,26,-2.014472383,-0.819159985,-0.586710091,0.693147181,2.302585093,3.258096538,-1.609437912,-1.560647748,-1.560647748,-323.08333,63.9602,1916
Amazonia,STM,STM_125_10,-54.58633386,-2.815724124,0.25,24.6469904,0.83786201,0.681960809,0.497675631,0.27,0.17,0.18,1,7,30,-1.819307516,-1.145580662,-0.688509215,0,1.945910149,3.401197382,-1.272965676,-1.714798428,-1.660731207,-335.12499,60.67175,1866
Amazonia,STM,STM_125_9,-54.56871082,-2.804451893,0.25,14.97802608,0.846698048,0.613291532,0.472135591,0.18,0.15,0.19,3,4,29,-1.87534576,-0.950084182,-0.638915829,1.098612289,1.386294361,3.36729583,-1.660731207,-1.832581464,-1.609437912,-332.12499,61.18156,1876
Amazonia,STM,STM_129_5,-54.748966,-2.714720625,0.25,17.7109816,0.688706612,0.544363928,0.301106839,0.26,0.25,0.17,1,2,15,-1.167019442,-0.786060876,-0.358257394,0,0.693147181,2.708050201,-1.30933332,-1.347073648,-1.714798428,-344.12499,65.34725,1971
Amazonia,STM,STM_157_2,-54.46485474,-2.832239829,0.25,13.33855986,0.948155911,0.749736271,0.749211556,0.09,0.22,0.18,1,6,35,-2.959514353,-1.385240001,-1.383145548,0,1.791759469,3.555348061,-2.302585093,-1.46967597,-1.660731207,-328.58333,58.05398,1796
Amazonia,STM,STM_157_3,-54.48378174,-2.833935323,0.25,21.80975234,0.817333315,0.747547161,0.707182423,0.28,0.16,0.15,1,11,41,-1.70009218,-1.376530824,-1.228205468,0,2.397895273,3.713572067,-1.237874356,-1.771956842,-1.832581464,-328.58333,59.74695,1803
Amazonia,STM,STM_157_4,-54.48591111,-2.817707045,0.25,29.81058852,0.977258317,0.98723585,0.949155777,0,0,0.06,1,1,4,-3.783555783,-4.361114819,-2.978988772,0,0,1.386294361,-4.605170186,-4.605170186,-2.659260037,-328.58333,58.88484,1824
Amazonia,STM,STM_157_5,-54.50193948,-2.823052695,0.25,19.75731332,0.98092512,0.98833052,0.98916216,0,0,0.01,1,1,1,-3.959382993,-4.450778392,-4.524711565,0,0,0,-4.605170186,-4.605170186,-3.912023005,-330.62499,60.5092,1820
Amazonia,STM,STM_157_6,-54.51969397,-2.808162779,0.25,24.781979,0.984664544,0.975133716,0.769207682,0,0.03,0.11,1,1,4,-4.177587746,-3.694242449,-1.466237029,0,0,1.386294361,-4.605170186,-3.218875825,-2.120263536,-330.62499,59.75328,1841
Amazonia,STM,STM_160_10,-54.88269003,-2.819259596,0.25,24.81539174,0.96487019,0.969205678,0.928376479,0.15,0.13,0.21,1,1,5,-3.348705221,-3.480424957,-2.636331753,0,0,1.609437912,-1.832581464,-1.966112856,-1.514127733,-330.12499,61.43486,1896
Amazonia,STM,STM_165_1,-55.02935691,-2.813297731,0.25,13.13412388,0.962347069,0.835471587,0.666130252,0.14,0.35,0.23,1,6,15,-3.279344479,-1.804672,-1.097004338,0,1.791759469,2.708050201,-1.897119985,-1.021651248,-1.427116356,-340.70834,62.21146,1864
Amazonia,STM,STM_165_3,-55.01347494,-2.835531213,0.25,14.16278474,0.981624215,0.979273137,0.976973943,0,0.09,0.11,1,1,4,-3.996721514,-3.876324691,-3.771128791,0,0,1.386294361,-4.605170186,-2.302585093,-2.120263536,-340.70834,61.55037,1860
Amazonia,STM,STM_165_4,-55.01436091,-2.811572341,0.25,26.1517569,0.973271168,0.955055567,0.939876095,0.08,0.16,0.17,1,4,8,-3.622012446,-3.102328374,-2.811347763,0,1.386294361,2.079441542,-2.407945609,-1.771956842,-1.714798428,-340.70834,61.7347,1874
Amazonia,STM,STM_165_5,-55.01144033,-2.821079155,0.25,34.50852464,0.951836723,0.958401006,0.959761749,0.13,0.16,0.15,2,3,6,-3.033158436,-3.179679295,-3.212937218,0.693147181,1.098612289,1.791759469,-1.966112856,-1.771956842,-1.832581464,-340.70834,61.13045,1870
Amazonia,STM,STM_165_6,-55.02923192,-2.828776982,0.25,16.38165158,0.906573422,0.932586993,0.830660107,0.28,0.24,0.22,1,1,8,-2.370579413,-2.696917297,-1.775847383,0,0,2.079441542,-1.237874356,-1.386294361,-1.46967597,-340.70834,63.01004,1859
Amazonia,STM,STM_165_7,-55.02173968,-2.835057189,0.25,12.7002324,0.976091943,0.981648694,0.960319171,0.12,0.07,0.15,1,1,5,-3.733539764,-3.998054535,-3.226887105,0,0,1.609437912,-2.040220829,-2.525728644,-1.832581464,-340.70834,61.58727,1862
Amazonia,STM,STM_199_3,-54.83429154,-2.852249758,0.25,16.21335546,0.818118,0.662333504,0.593698569,0.17,0.18,0.29,1,2,22,-1.704397154,-1.085696569,-0.900659954,0,0.693147181,3.091042453,-1.714798428,-1.660731207,-1.203972804,-335.12499,62.37714,1892
Amazonia,STM,STM_236_2,-54.71894293,-2.947722221,0.25,22.79569664,0.910088261,0.678610865,0.545975881,0.19,0.1,0.13,4,6,31,-2.408926768,-1.135102631,-0.789604957,1.386294361,1.791759469,3.433987204,-1.609437912,-2.207274913,-1.966112856,-325.54166,61.45952,1857
Amazonia,STM,STM_236_3,-54.73964688,-2.944998411,0.25,33.2015122,0.594333781,0.577252141,0.528848733,0.16,0.2,0.25,1,2,31,-0.902224578,-0.860979356,-0.752576075,0,0.693147181,3.433987204,-1.771956842,-1.560647748,-1.347073648,-325.54166,61.9506,1850
Amazonia,STM,STM_236_5,-54.73523977,-2.972190792,0.25,17.61296964,0.822564975,0.692019271,0.657551814,0.23,0.23,0.26,2,14,33,-1.729150793,-1.177718066,-1.071634914,0.693147181,2.63905733,3.496507561,-1.427116356,-1.427116356,-1.30933332,-327.54166,60.88207,1831
Amazonia,STM,STM_236_6,-54.76218233,-2.984043422,0.25,23.75478452,0.881813492,0.795751355,0.783291511,0.14,0.16,0.22,1,3,17,-2.135491326,-1.588417179,-1.529202197,0,1.098612289,2.833213344,-1.897119985,-1.771956842,-1.46967597,-324.54166,61.15678,1833
Amazonia,STM,STM_236_7,-54.71619215,-2.96062551,0.25,19.4092506,0.966662814,0.938783005,0.758698288,0.11,0.1,0.18,2,2,20,-3.401081808,-2.793330432,-1.421707211,0.693147181,0.693147181,2.995732274,-2.120263536,-2.207274913,-1.660731207,-327.54166,60.30696,1832
Amazonia,STM,STM_260_1,-54.89504555,-3.00266021,0.25,19.7581831,0.714903992,0.609737257,0.496216954,0.14,0.09,0.11,1,1,11,-1.254929285,-0.940935067,-0.685609568,0,0,2.397895273,-1.897119985,-2.302585093,-2.120263536,-325.54166,61.02657,1861
Amazonia,STM,STM_260_3,-54.90196071,-3.021677755,0.25,23.92886552,0.415937108,0.428245951,0.568115649,0.18,0.11,0.12,1,2,11,-0.53774661,-0.559046364,-0.839597433,0,0.693147181,2.397895273,-1.660731207,-2.120263536,-2.040220829,-325.54166,60.69047,1857
Amazonia,STM,STM_260_4,-54.85698051,-3.020215313,0.25,25.08530928,0.944749498,0.926984412,0.872060881,0.09,0.13,0.17,1,2,8,-2.895877853,-2.617082326,-2.056200761,0,0.693147181,2.079441542,-2.302585093,-1.966112856,-1.714798428,-325.54166,61.10565,1835
Amazonia,STM,STM_260_5,-54.8789121,-2.984058922,0.25,24.57813962,0.541352038,0.517694134,0.558705859,0.18,0.14,0.13,1,1,8,-0.779472331,-0.729176789,-0.818043639,0,0,2.079441542,-1.660731207,-1.897119985,-1.966112856,-324.54166,62.93333,1863
Amazonia,STM,STM_260_6,-54.87725325,-3.000256926,0.25,21.96970708,0.564526555,0.4636112,0.446903421,0.21,0.15,0.16,3,4,11,-0.83132146,-0.622896008,-0.592222647,1.098612289,1.386294361,2.397895273,-1.514127733,-1.832581464,-1.771956842,-325.54166,61.10564,1864
Amazonia,STM,STM_261_10,-55.0051748,-3.018717672,0.25,21.4321956,0.972516056,0.986314558,0.99171625,0.07,0.02,0,1,1,1,-3.594153299,-4.291422639,-4.793459515,0,0,0,-2.525728644,-3.506557897,-4.605170186,-327.62499,59.12717,1847
Amazonia,STM,STM_261_11,-54.99328761,-3.056362636,0.25,27.25752988,0.98239196,0.989381551,0.991266079,0,0,0.01,1,1,1,-4.039399663,-4.545162319,-4.740540869,0,0,0,-4.605170186,-4.605170186,-3.912023005,-320.54166,58.43119,1848
Amazonia,STM,STM_261_12,-54.99258088,-2.9956566,0.25,20.55172704,0.982634964,0.98909644,0.992260746,0,0,0,1,1,1,-4.05329652,-4.518665938,-4.861449978,0,0,0,-4.605170186,-4.605170186,-4.605170186,-321.54166,58.75605,1854
Amazonia,STM,STM_261_2,-54.97532105,-3.054628962,0.25,19.59129524,0.981444248,0.986733971,0.990738045,0,0.02,0.02,1,1,1,-3.986975457,-4.322548722,-4.681840129,0,0,0,-4.605170186,-3.506557897,-3.506557897,-320.54166,58.32739,1834
Amazonia,STM,STM_261_3,-54.96254053,-3.02123309,0.25,24.53492694,0.981948384,0.988641219,0.991789545,0,0,0,1,1,1,-4.014520069,-4.477764178,-4.802346937,0,0,0,-4.605170186,-4.605170186,-4.605170186,-320.54166,59.55644,1857
Amazonia,STM,STM_261_4,-54.96881226,-3.0049252,0.25,19.4935737,0.979945743,0.989433276,0.991743739,0,0,0,1,1,1,-3.909313829,-4.550045461,-4.796783457,0,0,0,-4.605170186,-4.605170186,-4.605170186,-320.54166,59.1784,1859
Amazonia,STM,STM_261_5,-54.9743582,-2.996780195,0.25,27.24336534,0.984471232,0.988111862,0.99169545,0,0,0,1,1,1,-4.165060975,-4.432214183,-4.790951722,0,0,0,-4.605170186,-4.605170186,-4.605170186,-321.54166,58.48465,1861
Amazonia,STM,STM_261_6,-54.98644922,-3.00937026,0.25,28.43786844,0.982610492,0.987517116,0.991424534,0,0,0,1,1,1,-4.051888243,-4.383396853,-4.758849943,0,0,0,-4.605170186,-4.605170186,-4.605170186,-320.54166,59.82299,1856
Amazonia,STM,STM_261_7,-54.97802255,-2.984752849,0.25,22.70648924,0.980499652,0.9877142,0.991549792,0,0,0,1,1,1,-3.937322967,-4.399311155,-4.773564223,0,0,0,-4.605170186,-4.605170186,-4.605170186,-321.54166,59.7517,1859
Amazonia,STM,STM_261_8,-55.01154151,-3.029054918,0.25,20.01604304,0.982634618,0.987674743,0.990480123,0,0,0.01,1,1,1,-4.053276595,-4.396104707,-4.65437335,0,0,0,-4.605170186,-4.605170186,-3.912023005,-327.62499,59.61364,1849
Amazonia,STM,STM_261_9,-55.01518138,-3.040354627,0.25,24.16294998,0.978319996,0.986901135,0.991099836,0.02,0.02,0.01,1,1,1,-3.831364918,-4.335229694,-4.721685575,0,0,0,-3.506557897,-3.506557897,-3.912023005,-327.62499,57.85955,1852
Amazonia,STM,STM_307_1,-54.83087384,-3.166484889,0.25,28.07547476,0.981071768,0.988469901,0.953784669,0,0,0.04,1,1,1,-3.967100715,-4.462794358,-3.074443696,0,0,0,-4.605170186,-4.605170186,-2.995732274,-323.54166,57.89717,1801
Amazonia,STM,STM_307_2,-54.85293655,-3.161929335,0.25,31.4448549,0.889086789,0.772826838,0.708795622,0.25,0.17,0.14,1,1,11,-2.199007266,-1.482042724,-1.233729928,0,0,2.397895273,-1.347073648,-1.714798428,-1.897119985,-323.54166,57.13321,1830
Amazonia,STM,STM_307_3,-54.85715562,-3.130693371,0.25,15.16570388,0.972453681,0.934569789,0.974814175,0.06,0.08,0.05,1,1,1,-3.591886364,-2.726771185,-3.681473943,0,0,0,-2.659260037,-2.407945609,-2.813410717,-323.54166,57.67596,1827
Amazonia,STM,STM_307_5,-54.85871989,-3.170611394,0.25,23.36390162,0.794317384,0.75502283,0.760373311,0.14,0.11,0.09,1,5,10,-1.581420997,-1.406590256,-1.428673029,0,1.609437912,2.302585093,-1.897119985,-2.120263536,-2.302585093,-316.45834,59.86096,1826
Amazonia,STM,STM_307_7,-54.83870199,-3.147443719,0.25,20.00750224,0.981779166,0.885325875,0.926875441,0.01,0.07,0.08,1,3,4,-4.005189614,-2.165660869,-2.615591004,0,1.098612289,1.386294361,-3.912023005,-2.525728644,-2.407945609,-323.54166,58.6205,1796
Amazonia,STM,STM_357_2,-54.91239995,-3.305758344,0.25,18.67024846,0.693063168,0.678641485,0.739122419,0.4,0.29,0.2,3,4,10,-1.181113312,-1.13519791,-1.34370402,1.098612289,1.386294361,2.302585093,-0.891598119,-1.203972804,-1.560647748,-313.83334,59.13998,1829
Amazonia,STM,STM_357_5,-54.88024252,-3.266588292,0.25,21.50876764,0.623244857,0.58507934,0.613244697,0.51,0.45,0.25,5,12,32,-0.976159791,-0.879667958,-0.949963078,1.609437912,2.48490665,3.465735903,-0.653926467,-0.776528789,-1.347073648,-315.45834,58.97322,1833
Amazonia,STM,STM_363_1,-54.95064021,-3.301742701,0.25,29.92801196,0.981449394,0.987500254,0.962553101,0,0,0.05,1,1,4,-3.987252822,-4.382046955,-3.284831376,0,0,1.386294361,-4.605170186,-4.605170186,-2.813410717,-311.83334,57.72683,1833
Amazonia,STM,STM_363_2,-54.95576653,-3.284746686,0.25,20.70763432,0.979472299,0.988404684,0.9270954,0,0,0.06,1,1,4,-3.885980037,-4.457154056,-2.618603542,0,0,1.386294361,-4.605170186,-4.605170186,-2.659260037,-312.45834,57.72683,1837
Amazonia,STM,STM_363_3,-54.96368545,-3.296724583,0.25,27.22812378,0.98382644,0.988994833,0.992009386,0,0,0,1,1,1,-4.124377469,-4.509390389,-4.829487676,0,0,0,-4.605170186,-4.605170186,-4.605170186,-311.83334,57.47858,1837
Amazonia,STM,STM_363_4,-54.97291569,-3.349391324,0.25,20.1482967,0.978834205,0.987492425,0.992023766,0,0,0,1,1,1,-3.855368844,-4.381420818,-4.831288909,0,0,0,-4.605170186,-4.605170186,-4.605170186,-309.83334,56.90236,1845
Amazonia,STM,STM_363_5,-54.98455486,-3.337254734,0.25,20.8947061,0.981465984,0.988215903,0.992048396,0,0,0,1,1,1,-3.988147533,-4.441004368,-4.83438161,0,0,0,-4.605170186,-4.605170186,-4.605170186,-309.83334,56.66222,1851
Amazonia,STM,STM_363_6,-54.95629952,-3.336310116,0.25,25.23661646,0.982505262,0.987701264,0.991923151,0,0,0,1,1,1,-4.045855129,-4.398258786,-4.818753458,0,0,0,-4.605170186,-4.605170186,-4.605170186,-311.83334,57.10669,1842
Amazonia,STM,STM_363_7,-54.96073137,-3.32040669,0.25,24.4484482,0.980640434,0.989385197,0.99214968,0,0,0,1,1,1,-3.944568615,-4.545505743,-4.847200984,0,0,0,-4.605170186,-4.605170186,-4.605170186,-311.83334,57.49836,1841
Amazonia,STM,STM_363_8,-54.97277668,-3.329445811,0.25,36.072634,0.979264343,0.987380978,0.992047593,0,0,0,1,1,1,-3.8759005,-4.372549921,-4.834280629,0,0,0,-4.605170186,-4.605170186,-4.605170186,-311.83334,57.02704,1850
Amazonia,STM,STM_399_3,-54.83079169,-3.499592194,0.25,26.20021024,0.929225772,0.95833307,0.928247427,0.16,0.14,0.16,1,1,6,-2.648260356,-3.17804751,-2.634531564,0,0,1.791759469,-1.771956842,-1.897119985,-1.771956842,-317.83334,57.29211,1819
Amazonia,STM,STM_399_6,-54.84232783,-3.475064715,0.25,21.76799662,0.862617321,0.794884533,0.712751737,0.36,0.4,0.31,2,7,14,-1.98498497,-1.584182205,-1.247408409,0.693147181,1.945910149,2.63905733,-0.994252273,-0.891598119,-1.139434283,-317.83334,56.57355,1823
Amazonia,STM,STM_399_7,-54.84295172,-3.429836093,0.25,15.77515904,0.968003804,0.804530225,0.846048887,0.2,0.19,0.19,1,5,19,-3.442138258,-1.632349515,-1.871120175,0,1.609437912,2.944438979,-1.560647748,-1.609437912,-1.609437912,-314.83334,57.21271,1814
Amazonia,STM,STM_399_9,-54.86193202,-3.446983886,0.25,21.31469366,0.767606713,0.808837067,0.867934198,0.23,0.24,0.22,8,14,45,-1.45932414,-1.654629162,-2.024454981,2.079441542,2.63905733,3.80666249,-1.427116356,-1.386294361,-1.46967597,-314.83334,56.37233,1824
Amazonia,STM,STM_69_11,-54.67120788,-2.574024234,0.25,18.02244134,0.221254759,0.323091014,0.262822489,0.2,0.28,0.21,4,11,29,-0.25007132,-0.390218452,-0.30492656,1.386294361,2.397895273,3.36729583,-1.560647748,-1.237874356,-1.514127733,-336.12499,65.48624,2004
Amazonia,STM,STM_69_8,-54.67528654,-2.51496646,0.25,14.9006345,0.541816624,0.446292292,0.349244885,0.24,0.25,0.25,1,3,37,-0.780485791,-0.591118334,-0.429621875,0,1.098612289,3.610917913,-1.386294361,-1.347073648,-1.347073648,-333.58333,62.51667,2048
Amazonia,STM,STM_81_15,-54.46692064,-2.65805006,0.25,23.56556498,0.922310159,0.842864511,0.6834698,0.1,0.12,0.09,1,3,7,-2.555030777,-1.850646859,-1.150336623,0,1.098612289,1.945910149,-2.207274913,-2.040220829,-2.302585093,-329.16666,63.4772,1928
Amazonia,STM,STM_81_3,-54.5436908,-2.614187084,0.25,23.75669364,0.663968954,0.545924913,0.380047763,0.2,0.21,0.19,4,7,34,-1.090551724,-0.789492705,-0.478112841,1.386294361,1.945910149,3.526360525,-1.560647748,-1.514127733,-1.609437912,-330.12499,64.22028,1954
Amazonia,STM,STM_81_9,-54.5383934,-2.602182208,0.25,23.06244906,0.664360181,0.439550498,0.371351779,0.3,0.24,0.21,1,2,35,-1.091716661,-0.579016135,-0.464183446,0,0.693147181,3.555348061,-1.171182982,-1.386294361,-1.514127733,-327.12499,63.51448,1945
Satlantic,Una,Una_118_2,-39.3750011,-15.78075577,0.05,28.182756,0.200960082,0.094359558,0.071726631,0.2,0.09,0.07,5,9,30,-0.224344375,-0.099112915,-0.074429011,1.609437912,2.197224577,3.401197382,-1.560647748,-2.302585093,-2.525728644,-158.5,161.36433,1250
Satlantic,Una,Una_120_2,-39.36457657,-15.71496805,0.05,30.31984,0.132477281,0.15745608,0.176318851,0.13,0.16,0.17,4,12,62,-0.142113578,-0.171329488,-0.193971779,1.386294361,2.48490665,4.127134385,-1.966112856,-1.771956842,-1.714798428,-124.83334,159.36604,1248
Satlantic,Una,Una_171_1,-39.24457874,-15.81802559,0.05,32.1507426,0.937579895,0.791388842,0.614735921,0.2,0.27,0.3,2,9,24,-2.77386786,-1.567283248,-0.95382626,0.693147181,2.197224577,3.17805383,-1.560647748,-1.272965676,-1.171182982,-79.79166,157.96228,1376
Satlantic,Una,Una_187_1,-39.23866866,-15.89504595,0.05,52.4809552,0.856814252,0.599445031,0.539257997,0.25,0.21,0.26,1,4,16,-1.943612555,-0.914904271,-0.774917039,0,1.386294361,2.772588722,-1.347073648,-1.514127733,-1.30933332,-87.375,157.29905,1362
Satlantic,Una,Una_187_3,-39.22695612,-15.90165627,0.05,21.9907231,0.52160513,0.558479132,0.69321143,0.17,0.2,0.27,1,4,8,-0.7373188,-0.817529994,-1.181596466,0,1.386294361,2.079441542,-1.714798428,-1.560647748,-1.272965676,-87.375,159.67474,1361
Satlantic,Una,Una_24_1,-39.21900393,-15.17193885,0.05,32.0273249,0.961526255,0.916742239,0.903352547,0.1,0.29,0.26,1,2,8,-3.257779218,-2.485813929,-2.336685426,0,0.693147181,2.079441542,-2.207274913,-1.203972804,-1.30933332,-49.70834,145.44603,1659
Satlantic,Una,Una_33_1,-39.18501076,-15.3399722,0.05,23.1043555,0.685485078,0.750778237,0.699358186,0.55,0.41,0.31,2,9,32,-1.156723757,-1.389412164,-1.20183571,0.693147181,2.197224577,3.465735903,-0.579818495,-0.867500568,-1.139434283,-87.66668,151.69248,1647
Satlantic,Una,Una_33_2,-39.20045952,-15.3498731,0.05,31.1549387,0.60908678,0.614816879,0.64003418,0.31,0.29,0.25,4,13,27,-0.939269687,-0.954036419,-1.021746196,1.386294361,2.564949357,3.295836866,-1.139434283,-1.203972804,-1.347073648,-87.66668,150.70039,1631
Satlantic,Una,Una_35_1,-39.14884543,-15.2812874,0.05,31.4433477,0.595528676,0.695599852,0.729139349,0.39,0.42,0.41,4,6,15,-0.905174437,-1.189412167,-1.306150793,1.386294361,1.791759469,2.708050201,-0.916290732,-0.84397007,-0.867500568,-40.375,147.65528,1712
Satlantic,Una,Una_35_2,-39.19544517,-15.29574239,0.05,49.2751722,0.935957821,0.772401722,0.822280727,0.2,0.34,0.32,1,1,6,-2.748213366,-1.480173143,-1.727550092,0,0,1.791759469,-1.560647748,-1.049822124,-1.108662625,-76.70834,148.29522,1635
Satlantic,Una,Una_46_1,-39.50500474,-15.80086782,0.05,22.1823102,0.116981711,0.065535673,0.1079819,0.11,0.06,0.1,1,3,26,-0.124409366,-0.067781826,-0.114268855,0,1.098612289,3.258096538,-2.120263536,-2.659260037,-2.207274913,-261.95833,160.41318,1094
Satlantic,Una,Una_50_2,-39.15872908,-15.24867163,0.05,45.0012554,0.806956952,0.742191643,0.660217569,0.53,0.4,0.42,3,11,41,-1.644842068,-1.355538772,-1.079449775,1.098612289,2.397895273,3.713572067,-0.616186139,-0.891598119,-0.84397007,-37.125,147.06408,1714
Satlantic,Una,Una_51_1,-39.1420849,-15.21124398,0.05,37.819102,0.628085425,0.559700866,0.661256606,0.16,0.09,0.17,1,3,11,-0.989091088,-0.820300933,-1.082512408,0,1.098612289,2.397895273,-1.771956842,-2.302585093,-1.714798428,-37.125,145.23428,1747
Satlantic,Una,Una_64_2,-39.48420576,-15.78128868,0.05,12.0943537,0.086368133,0.029356673,0.109908646,0.09,0.03,0.09,2,3,34,-0.09032756,-0.029796204,-0.116431177,0.693147181,1.098612289,3.526360525,-2.302585093,-3.218875825,-2.302585093,-217.91666,159.30721,1111
Satlantic,Una,Una_89_3,-39.04485067,-15.34699867,0.05,36.6237982,0.824292885,0.744317003,0.629907563,0.41,0.37,0.36,1,4,21,-1.738936789,-1.363816895,-0.994002475,0,1.386294361,3.044522438,-0.867500568,-0.967584026,-0.994252273,-3.83333,150.11361,1783
Satlantic,Una,Una_ICO21,-39.13650103,-14.99630625,0.08,92.7789238,0.980888713,0.941960735,0.868208796,0.06,0.24,0.29,1,1,10,-3.957476176,-2.846635515,-2.026536397,0,0,2.302585093,-2.659260037,-1.386294361,-1.203972804,-32.79166,139.82945,1810
Satlantic,Una,Una_IFR11,-39.0963971,-14.96925928,0.08,56.80608489,0.578664,0.663940293,0.632155338,0.19,0.25,0.33,5,11,34,-0.864324664,-1.090466435,-1.000094544,1.609437912,2.397895273,3.526360525,-1.609437912,-1.347073648,-1.078809661,-9.41666,138.14449,1890
Satlantic,Una,Una_IFR21,-39.12159706,-14.99280025,0.08,67.53370611,0.956162279,0.866990176,0.778625939,0.2,0.31,0.32,1,4,23,-3.127260622,-2.017332289,-1.507901425,0,1.386294361,3.135494216,-1.560647748,-1.139434283,-1.108662625,-9.41666,138.81737,1836
Satlantic,Una,Una_IICO21,-39.141211,-15.13780402,0.08,81.73235666,0.885749085,0.941312868,0.960230754,0.12,0.08,0.08,1,1,3,-2.16935824,-2.835534793,-3.224661379,0,0,1.098612289,-2.040220829,-2.407945609,-2.407945609,-35.24999,141.17741,1763
Satlantic,Una,Una_IIFR21,-39.13728601,-15.11340806,0.08,63.13333393,0.789904118,0.829871228,0.823329545,0.48,0.3,0.28,1,3,13,-1.560191272,-1.771199646,-1.733469118,0,1.098612289,2.564949357,-0.713349888,-1.171182982,-1.237874356,-27.45832,143.04851,1766
Satlantic,Una,Una_IIICO11,-39.06723111,-15.18375093,0.08,70.21380724,0.982558518,0.989953701,0.98976963,0,0,0.02,1,1,1,-4.048903887,-4.600550971,-4.582394532,0,0,0,-4.605170186,-4.605170186,-3.506557897,-5.83333,144.40251,1819
Satlantic,Una,Una_IIIFR11,-39.03486216,-15.17864193,0.08,30.98635084,0.755041052,0.643898524,0.790014183,0.45,0.4,0.27,2,7,10,-1.406664642,-1.032539544,-1.560715289,0.693147181,1.945910149,2.302585093,-0.776528789,-0.891598119,-1.272965676,-3.83333,144.12484,1816
Satlantic,Una,Una_IIIFR21,-39.0749371,-15.15039799,0.08,84.90894475,0.874296244,0.871255747,0.924188236,0.36,0.28,0.14,2,4,6,-2.073827283,-2.049927377,-2.5795018,0.693147181,1.386294361,1.791759469,-0.994252273,-1.237874356,-1.897119985,-4.83333,142.7669,1819
