Binomial_correct,WD,lnSM,LMA,Hmax,DS
Abarema cochleata,0.527228809,4.748332143,70.87172217,10,EndoZoo
Abarema cochliacarpos,0.585,4.748332143,70.08395104,30,EndoZoo
Abarema filamentosa,0.527228809,4.748332143,76.02542357,15,EndoZoo
Abarema jupunba,0.591611653,4.248495242,61.19690296,45,EndoZoo
Abarema mataybifolia,0.63,4.748332143,77.5621232,28,EndoZoo
Abarema piresii,0.527228809,4.748332143,127.8,22.68571429,EndoZoo
Actinostemon appendiculatus,0.766955883,5.940171253,47.21031189,7.627558036,NonZoo
Aegiphila pernambucensis,0.465257492,3.415979036,54.99448569,14.23333333,EndoZoo
Agonandra brasiliensis,0.841905555,7.575461149,77.01393789,22,EndoZoo
Aiouea guianensis,0.502270133,6.370418315,85.25654002,15.29479167,EndoZoo
Aiouea myristicoides,0.502270133,5.768320996,85.25654002,15.29479167,EndoZoo
Aiouea trinervis,0.502270133,5.768320996,85.25654002,15.29479167,EndoZoo
Albizia pedicellaris,0.499459786,3.352407217,110.0110011,40,EndoZoo
Alchornea glandulosa,0.391045177,3.912099681,64.20562072,27,EndoZoo
Alchornea triplinervia,0.437705936,3.450718291,66.6686217,35,EndoZoo
Alchorneopsis floribunda,0.392103014,1.685727768,32.61899293,30,EndoZoo
Alexa grandiflora,0.65,6.812444099,51.45903915,30,NonZoo
Alibertia edulis,0.727402068,2.624396816,79.0849246,10,EndoZoo
Alibertia sorbilis,0.678284036,4.269509495,64.76986896,15.1425,EndoZoo
Allophylus edulis,0.661251429,3.788614581,61.89807483,20,EndoZoo
Allophylus glabratus,0.39,4.158883083,63.97785411,10.2,EndoZoo
Allophylus latifolius,0.558074214,4.605170186,63.97785411,13.71935291,EndoZoo
Alseis,0.603392863,-1.77523017,48.1332842,26.79,NonZoo
Alseis floribunda,0.85,-1.09861229,69.68155531,23,NonZoo
Amaioua glomerulata,0.659968689,2.201659174,63.25818314,10,EndoZoo
Amaioua guianensis,0.6143,2.329152045,81.2902825,15,EndoZoo
Amaioua pilosa,0.646363127,2.262003434,75.34438889,4,EndoZoo
Amanoa guianensis,0.8649925,5.641907071,88.00000286,30,NonZoo
Ambelania acida,0.524516667,3.912023005,107.3982719,13,EndoZoo
Ampelocera edentula,0.671066177,5.679105487,80.36001286,33,EndoZoo
Amphiodon effusus,0.65,6.809774871,61.60823718,17,NonZoo
Amphirrhox longifolia,0.71,-1.897119985,75.52324699,12,NonZoo
Anacardium giganteum,0.448466667,8.116020956,89.57716611,32.65555556,EndoZoo
Anacardium occidentale,0.463705917,8.325265685,128.3866793,10,EndoZoo
Anacardium parvifolium,0.525386216,8.116020956,89.57716611,32.65555556,EndoZoo
Anacardium spruceanum,0.479166667,8.116020956,89.57716611,32.65555556,EndoZoo
Andira legalis,0.746666667,9.118015287,181.2526327,20,SynZoo
Andira marauensis,0.781416115,9.118015287,69.76957775,35,SynZoo
Andira micrantha,1,9.118015287,69.24030027,35,SynZoo
Andira surinamensis,0.7047675,9.118015287,69.76957775,20.12878788,SynZoo
Andira unifoliolata,0.76,9.118015287,56.70000001,20.12878788,SynZoo
Andira vermifuga,0.781416115,9.433483923,69.76957775,25,SynZoo
Aniba burchellii,0.52,7.487377465,74.96824973,23.3,EndoZoo
Aniba canelilla,0.971881217,7.487377465,74.96824973,30,EndoZoo
Aniba guianensis,0.513132338,8.38822281,65.17205423,20,EndoZoo
Aniba hostmanniana,0.631279988,7.487377465,69.58678857,20,EndoZoo
Aniba intermedia,0.589816621,7.487377465,74.96824973,12,EndoZoo
Aniba kappleri,0.589816621,7.487377465,61.50000001,23.3,EndoZoo
Aniba megaphylla,0.589816621,7.487377465,74.96824973,23.3,EndoZoo
Aniba parviflora,0.54,7.487377465,74.96824973,23.3,EndoZoo
Aniba riparia,0.524757415,7.56112159,55.63901406,16,EndoZoo
Aniba rosaeodora,0.738579365,7.487377465,74.96824973,23.3,EndoZoo
Aniba williamsii,0.637503886,7.487377465,74.96824973,23.3,EndoZoo
Anisophyllea manausensis,0.86,5.799092654,39.82001355,8.1,SynZoo
Annona ambotay,0.642132543,5.469746482,45.60795404,15,EndoZoo
Annona bahiensis,0.482552865,5.614654201,55.90927216,13.14031746,EndoZoo
Annona cacans,0.50775,5.518908916,90.23663224,13.14031746,EndoZoo
Annona densicoma,0.482552865,5.614654201,70.5434979,20,EndoZoo
Annona dolabripetala,0.386666667,5.614654201,55.90927216,13.14031746,EndoZoo
Annona exsucca,0.37471,5.614654201,91.46577769,15,EndoZoo
Annona glabra,0.545,5.198828468,82.60598082,13.14031746,EndoZoo
Annona leptopetala,0.482552865,5.614654201,60.54239528,13.14031746,EndoZoo
Annona muricata,0.36,6.071389479,55.90927216,13.14031746,EndoZoo
Annona neoinsignis,0.425,5.614654201,87.41818864,13.14031746,EndoZoo
Annona paludosa,0.482552865,5.614654201,55.90927216,7,EndoZoo
Annona salzmannii,0.46425,7.264430223,84.64195731,13.14031746,EndoZoo
Annona sylvatica,0.454805725,5.347107531,55.90927216,25,EndoZoo
Annona tenuipes,0.482552865,5.614654201,55.90927216,13.14031746,EndoZoo
Anomalocalyx uleanus,0.37249152,4.948841033,128.0704797,28,NonZoo
Aparisthmium cordatum,0.42498911,3.520257379,44.57505216,25,EndoZoo
Apeiba albiflora,0.245436,1.76439541,59.91692839,25,EndoZoo
Apeiba echinata,0.321075991,2.94020635,70.2216363,36,EndoZoo
Apeiba glabra,0.32,2.653241965,64.10770394,30,EndoZoo
Apeiba tibourbou,0.23760624,1.76439541,53.75787205,25,EndoZoo
Aptandra tubicina,0.7326126,9.630299926,51.94265533,20,SynZoo
Apuleia leiocarpa,0.81310131,4.169901258,43.9337433,42,NonZoo
Arapatiella psilophylla,0.872111111,8.314252347,152.3454592,35,NonZoo
Artocarpus heterophyllus,0.528903028,9.216521231,91.80744357,25,EndoZoo
Aspidosperma album,0.766153611,5.968054969,161.4204467,24.49027778,NonZoo
Aspidosperma araracanga,0.75,5.968054969,84.30946742,24.49027778,NonZoo
Aspidosperma auriculatum,0.763555745,5.968054969,84.30946742,24.49027778,NonZoo
Aspidosperma carapanauba,0.763555745,5.968054969,84.30946742,24.49027778,NonZoo
Aspidosperma desmanthum,0.705309628,6.769641977,107.6586063,40,NonZoo
Aspidosperma discolor,0.759,5.11599781,80.90599159,45,NonZoo
Aspidosperma eteanum,0.763555745,5.968054969,84.30946742,24.49027778,NonZoo
Aspidosperma excelsum,0.752504138,5.968054969,83.00132803,39,NonZoo
Aspidosperma parvifolium,0.749685503,5.298317367,67.49587089,32,NonZoo
Aspidosperma sandwithianum,0.79212,5.968054969,84.30946742,24.49027778,NonZoo
Aspidosperma spruceanum,0.756067745,6.072571304,85.19938078,60,NonZoo
Astronium concinnum,1.0085,3.314546842,69.60321174,45,NonZoo
Astronium graveolens,0.792282968,3.525206166,62.57177495,40,NonZoo
Astronium lecointei,0.790323334,4.269847089,57.48791995,42,NonZoo
Bagassa guianensis,0.70595,1.386294361,67.00167506,50,EndoZoo
Banara brasiliensis,0.654291501,-0.223143551,40.32497992,21.0915,EndoZoo
Banara guianensis,0.571604726,-0.223143551,68.39945283,15,EndoZoo
Bathysa nicholsonii,0.494489205,-1.100693454,112.3733728,7,NonZoo
Batocarpus amazonicus,0.532861766,6.476972363,53.63727792,30.1,EndoZoo
Bauhinia acreana,0.642253049,4.605170186,19.40688851,12,NonZoo
Bauhinia forficata,0.62,4.311073588,39.428508,21,NonZoo
Bauhinia longicuspis,0.642253049,5.640243954,52.51292596,12.33333333,NonZoo
Bauhinia platypetala,0.642253049,5.640243954,52.51292596,12.33333333,NonZoo
Bauhinia ungulata,0.79115067,3.853121898,37.07713343,9,NonZoo
Beilschmiedia curviramea,0.542215,8.430789048,84.6412321,18.12727273,EndoZoo
Bellucia dichotoma,0.54,-2.216407397,193.4,14.25,EndoZoo
Bellucia grossularioides,0.61875,-1.609437912,158.6293546,25,EndoZoo
Bertholletia excelsa,0.630988264,8.809862805,112.6739919,50,SynZoo
Bixa arborea,0.370964286,2.813410717,63.63483986,28,EndoZoo
Bixa excelsa,0.32,3.043011773,61.55539653,24,EndoZoo
Bocageopsis multiflora,0.640253059,5.192956851,74.85029941,29,EndoZoo
Bocoa viridiflora,0.835,8.752523869,90.59999999,35,EndoZoo
Bowdichia nitida,0.803333333,4.258003467,133.4392701,45,NonZoo
Bowdichia virgilioides,0.89075,4.74090228,110.6673159,36,NonZoo
Brosimum acutifolium,0.640298572,7.966817912,55.44774052,35,EndoZoo
Brosimum guianense,0.809746905,6.4449953,61.80508397,30,EndoZoo
Brosimum lactescens,0.652742937,6.607663186,86.08040583,35,EndoZoo
Brosimum paraense,0.82,6.429719478,102.6483269,40,EndoZoo
Brosimum parinarioides,0.630650151,7.154789201,99.9221735,40,EndoZoo
Brosimum potabile,0.5425,7.121090889,112.9,35.00505051,EndoZoo
Brosimum rubescens,0.821696697,6.429719478,102.648607,40,EndoZoo
Buchenavia congesta,0.725161441,6.703433482,63.82028209,40,EndoZoo
Buchenavia grandis,0.7725,6.549293024,34.96870302,40,EndoZoo
Buchenavia guianensis,0.725161441,6.870414124,50.80717374,23.66666667,EndoZoo
Buchenavia macrophylla,0.725161441,6.870414124,52.4218914,30,EndoZoo
Buchenavia parvifolia,0.772048998,5.743403749,23.9314603,20,EndoZoo
Buchenavia reticulata,0.725161441,6.870414124,50.80717374,23.66666667,EndoZoo
Buchenavia tetraphylla,0.626652841,6.373388047,74.48895817,23.66666667,EndoZoo
Byrsonima aerugo,0.62857,6.779921907,80.70405888,13.86255556,EndoZoo
Byrsonima chrysophylla,0.629983111,6.063785209,80.70405888,13.86255556,EndoZoo
Byrsonima crispa,0.58,5.751431757,44.64285714,25,EndoZoo
Byrsonima densa,0.62,5.751431757,80.70405888,20,EndoZoo
Byrsonima fanshawei,0.629983111,5.751431757,80.70405888,13.86255556,EndoZoo
Byrsonima sericea,0.771666667,4.979647266,126.9841269,27,EndoZoo
Byrsonima stipulacea,0.725175833,6.502290171,80.70405888,30,EndoZoo
Cabralea canjerana,0.516694294,6.405468944,68.88608477,6,EndoZoo
Calliandra surinamensis,0.842613225,3.828641396,129.2,5,NonZoo
Callisthene major,0.7414375,6.377126778,100,20,NonZoo
Calophyllum brasiliense,0.581549509,8.145898723,88.86735333,40,EndoZoo
Calycolpus goetheanus,0.8,7.575461149,89.8896518,25,EndoZoo
Calyptranthes bipennis,0.734856025,4.333129152,52.30946276,13.33333333,EndoZoo
Calyptranthes clusiifolia,0.703166667,4.290361496,115.7770646,24,EndoZoo
Calyptranthes glazioviana,0.734856025,6.537477295,80.35999261,13.33333333,EndoZoo
Calyptranthes lucida,0.777643495,6.537477295,96.24687816,27,EndoZoo
Calyptranthes speciosa,0.86,6.112944445,80.17960229,13.33333333,EndoZoo
Campomanesia aromatica,0.778797094,4.156762746,149,11.81003523,EndoZoo
Campomanesia dichotoma,0.82,3.324236341,58.31956332,20,EndoZoo
Campomanesia grandiflora,0.73,4.156762746,58.31956332,11.81003523,EndoZoo
Campomanesia guazumifolia,0.64,3.782793343,63.65777577,27,EndoZoo
Campomanesia laurifolia,0.76,4.156762746,58.31956332,20,EndoZoo
Campsiandra laurifolia,0.838225511,3.828641396,104.0384176,30,NonZoo
Candolleodendron brachystachyum,0.340475,5.935601177,44.64285714,19.95401965,EndoZoo
Capirona decorticans,0.590712242,8.325265685,61.83909465,40,NonZoo
Capparidastrum macrophyllum,0.603689179,4.86753445,66.44688469,12.4,EndoZoo
Caraipa densifolia,0.677497729,4.7113924,66.13935794,30,NonZoo
Carapa guianensis,0.53,9.570023287,62.05092972,35,SynZoo
Cariniana micrantha,0.5866,5.135798437,151.5,52,NonZoo
Carpotroche brasiliensis,0.45,6.489044944,72.78652893,20,EndoZoo
Caryocar edule,0.722337814,9.105980357,92.36389837,35,SynZoo
Caryocar glabrum,0.665670089,8.945853857,61.98656475,48,SynZoo
Caryocar villosum,0.7579375,8.732304571,113.4024349,50,SynZoo
Casearia,0.669222229,4.756852714,47.65810256,15.51696817,EndoZoo
Casearia arborea,0.574507823,0.223143551,51.11153236,24,EndoZoo
Casearia bahiensis,0.669222229,4.756852714,47.65810256,19.5,EndoZoo
Casearia combaymensis,0.669222229,6.501164538,23.71185355,20,EndoZoo
Casearia commersoniana,0.646090824,2.747547318,65.19703373,15,EndoZoo
Casearia decandra,0.655863818,3.951018652,51.65779666,31,EndoZoo
Casearia grandiflora,0.77,0.405465108,78.10000001,27,EndoZoo
Casearia javitensis,0.740875,3.492458973,76.87583063,18,EndoZoo
Casearia manausensis,0.669222229,4.756852714,47.65810256,15.51696817,EndoZoo
Casearia sylvestris,0.659754899,1.441050893,67.93432584,34,EndoZoo
Casearia ulmifolia,0.61125,4.756852714,25.60688314,26,EndoZoo
Cassia fastuosa,0.805,5.298317367,72.14158071,20,EndoZoo
Cassia ferruginea,0.752541667,4.500526955,76.94200506,26,NonZoo
Cassia leiandra,0.61992,4.941787044,72.14158071,15,EndoZoo
Cassipourea guianensis,0.765071023,3.989866373,78.20913417,25,SynZoo
Cathedra acuminata,0.800614655,6.929571129,74.68259893,30,EndoZoo
Catostemma albuquerquei,0.69,8.356636609,91.02941527,32.33333333,EndoZoo
Cecropia distachya,0.384,1.609437912,126.813103,25,EndoZoo
Cecropia hololeuca,0.410777778,0.720546155,112.5874126,28,EndoZoo
Cecropia obtusa,0.31,-2.072949326,110.2547381,26,EndoZoo
Cecropia pachystachya,0.37725,1.813459805,78.95003571,26,EndoZoo
Cecropia palmata,0.228,1.098612289,67.98549904,30,EndoZoo
Cecropia purpurascens,0.265,0.354820944,144.8999999,7,EndoZoo
Cecropia sciadophylla,0.355964764,0.338910452,89.34305513,30,EndoZoo
Cedrela,0.410074047,3.762882885,54.35827506,32.40912684,NonZoo
Cedrela odorata,0.455040074,2.902321237,48.86345868,35,NonZoo
Ceiba pentandra,0.296640621,3.939237367,51.94560295,60,NonZoo
Cespedesia spathulata,0.604367368,-1.987774353,101.010101,35,NonZoo
Chaetocarpus myrsinites,0.777438322,4.368181228,91.98251963,18,EndoZoo
Chamaecrista apoucouita,0.92355,5.075173815,59.44082364,30,NonZoo
Chamaecrista bahiae,0.870850943,2.252492831,59.44082364,15.87808824,EndoZoo
Chamaecrista duartei,0.870850943,2.252492831,59.44082364,28.5,NonZoo
Chamaecrista ensiformis,0.924,2.252492831,67.60773773,20,NonZoo
Chamaecrista scleroxylon,0.955,2.252492831,67.1,30,EndoZoo
Chamaecrista xinguensis,0.9,2.252492831,58.93930768,15.87808824,EndoZoo
Chaunochiton kappleri,0.5219,4.593097605,97.2612071,40,NonZoo
Cheiloclinium cognatum,0.75375,8.16896816,75.79033326,15,EndoZoo
Chimarrhis barbata,0.669924571,5.170483995,73.90563546,32.5,NonZoo
Chimarrhis turbinata,0.72,5.170483995,86.70106973,25,NonZoo
Chrysophyllum,0.739401882,7.939733817,70.93119814,24.02877778,EndoZoo
Chrysophyllum cuneifolium,0.929245,7.07530155,47.65620638,20,EndoZoo
Chrysophyllum gonocarpum,0.6926,7.469611413,76.81211537,25,EndoZoo
Chrysophyllum lucentifolium,0.782444444,6.907755279,97.91739401,33,EndoZoo
Chrysophyllum pomiferum,0.765991667,6.214608098,70.93119814,34,EndoZoo
Chrysophyllum prieurii,0.861387,5.904599159,143.8691683,33,EndoZoo
Chrysophyllum sanguinolentum,0.671418932,6.29156914,114.7111369,36,EndoZoo
Chrysophyllum sparsiflorum,0.739401882,7.939733817,70.93119814,24.02877778,EndoZoo
Chrysophyllum splendens,0.775,6.032286542,70.93119814,25,EndoZoo
Chrysophyllum viride,0.698214321,7.194812156,88.21426185,30,EndoZoo
Citharexylum myrianthum,0.533333333,4.35465086,86.50241711,24,EndoZoo
Clarisia biflora,0.487817724,7.408227491,60.41108158,40,EndoZoo
Clarisia ilicifolia,0.626,6.309918278,149.1,20,EndoZoo
Clarisia racemosa,0.581769256,7.45736883,59.99604192,42,EndoZoo
Clarisia tomentosa,0.567122472,7.234678096,73.08683311,30.71666667,EndoZoo
Clavija lancifolia,0.798578387,5.064630302,94.86796018,7,EndoZoo
Clitoria fairchildiana,0.68,6.201035217,50.38996227,7.480083333,NonZoo
Clusia grandiflora,0.714127688,2.2300144,190.0057002,10,EndoZoo
Clusia nemorosa,0.8,3.448288989,130.3656025,26,EndoZoo
Coccoloba,0.719200803,4.70340401,62.27332662,18.87,EndoZoo
Coccoloba alnifolia,0.83,4.70340401,104.3886148,20,EndoZoo
Coccoloba bullata,0.719200803,4.70340401,62.27332662,18.87,EndoZoo
Coccoloba latifolia,0.58,4.70340401,62.27332662,18.87,EndoZoo
Coccoloba mollis,0.67575,5.573586406,37.74622244,15,EndoZoo
Coccoloba rosea,0.95,4.70340401,132.4999999,18,EndoZoo
Cochlospermum orinocense,0.223895,3.483483724,56.69829382,28,NonZoo
Colubrina glandulosa,0.704568216,3.001752804,71.37272489,26.8,NonZoo
Conceveiba guianensis,0.54334,5.705788461,110.0839603,20,EndoZoo
Copaifera duckei,0.626533333,6.453405638,78.00173492,35,EndoZoo
Copaifera langsdorffii,0.680902898,5.969996584,85.19737189,35,EndoZoo
Copaifera martii,0.650956964,6.453405638,164.6,40,EndoZoo
Copaifera multijuga,0.622333333,6.453405638,87.12930468,60,EndoZoo
Copaifera reticulata,0.60575,6.453405638,59.09437865,30,EndoZoo
Copaifera trapezifolia,0.674125,7.173031152,72.20425098,33,EndoZoo
Cordia alliodora,0.461090505,2.547981378,60.71148704,35,NonZoo
Cordia bicolor,0.456107866,4.200520995,113.033696,27,EndoZoo
Cordia ecalyculata,0.80125,5.467173933,87.58369671,22,EndoZoo
Cordia exaltata,0.39866875,5.541795484,92.4127803,24,EndoZoo
Cordia goeldiana,0.498,5.541795484,63.76425775,30,EndoZoo
Cordia lomatoloba,0.41,5.355996478,63.76425775,25,EndoZoo
Cordia membranacea,0.526586424,5.541795484,63.76425775,14.89548611,EndoZoo
Cordia scabrifolia,0.474,5.541795484,104.3,40,EndoZoo
Cordia sellowiana,0.637232459,5.734538798,91.00846817,10,EndoZoo
Cordia taguahyensis,0.688402162,4.912654886,55.45570683,22.5,EndoZoo
Cordia tetrandra,0.345,5.541795484,63.76425775,14.89548611,EndoZoo
Cordia toqueve,0.526586424,2.592265168,63.76425775,18.5,EndoZoo
Cordiera myrciifolia,0.728336728,3.784168927,112.4288693,19,EndoZoo
Corythophora alta,0.713764729,5.953493303,118.0562975,25,NonZoo
Couepia belemii,0.823145902,8.444720236,89.78458362,32,SynZoo
Couepia bracteosa,0.77,8.444720236,172.2249989,28,SynZoo
Couepia guianensis,0.755188294,8.517193191,88.06732158,30,SynZoo
Couepia impressa,0.823145902,8.444720236,89.78458362,21,SynZoo
Couepia monteclarensis,0.823145902,8.444720236,89.78458362,10,SynZoo
Couepia robusta,0.83,8.444720236,89.78458362,22.50320513,SynZoo
Couepia rufa,0.982,8.444720236,89.78458362,30,SynZoo
Couma guianensis,0.46670873,3.912023005,82.00081998,25,EndoZoo
Couratari guianensis,0.500758333,5.463831805,59.66825435,50,NonZoo
Couratari oblongifolia,0.505,4.663439094,80.96027838,40,NonZoo
Couratari stellata,0.633159286,4.672828834,100.2172232,45,NonZoo
Couratari tauari,0.554966813,5.757596357,90.11660997,40.17857143,NonZoo
Coussapoa pachyphylla,0.480711685,1.070110789,106.622645,35,EndoZoo
Coussapoa villosa,0.39,1.486139696,94.11946296,35,EndoZoo
Coussarea,0.559991329,5.680534873,48.93717174,7.325,EndoZoo
Coussarea albescens,0.65,5.680534873,58.7984694,10,EndoZoo
Coussarea contracta,0.545833333,6.396929655,63.62942223,21,EndoZoo
Coussarea paniculata,0.65,5.17598955,48.93717174,12,EndoZoo
Croton floribundus,0.56,3.632286232,74.67512365,30,NonZoo
Croton glandulosus,0.487772166,1.994700313,62.79999997,11.80072673,EndoZoo
Croton macrobothrys,0.363686931,4.728888636,53.69411698,35,NonZoo
Croton matourensis,0.465500555,2.667228207,111.1,26.5,EndoZoo
Crudia aequalis,0.837552467,8.937875265,51.77734068,35,NonZoo
Crudia oblonga,0.837552467,8.937875265,62.25631755,10,NonZoo
Cryptocarya mandioccana,0.62,7.304784908,104.0474456,24,EndoZoo
Cupania,0.643111259,5.66875453,77.84802137,16.48047544,EndoZoo
Cupania diphylla,0.643111259,5.66875453,77.84802137,14,EndoZoo
Cupania hirsuta,0.643111259,5.501258211,77.84802137,15,EndoZoo
Cupania impressinervia,0.58,5.66875453,88.36537576,12,EndoZoo
Cupania oblongifolia,0.637916667,7.003065459,59.20000001,30,EndoZoo
Cupania racemosa,0.610125,6.645391014,93.30000001,24.5,EndoZoo
Cupania scrobiculata,0.6595,5.010635294,80.63799666,26,EndoZoo
Cupania tenuivalvis,0.74,5.66875453,94.82265647,12,EndoZoo
Cupania vernalis,0.642392593,5.45746696,93.16214522,24,EndoZoo
Cynometra bauhiniaefolia,0.6801818,8.537975731,75.28306431,28.75,SynZoo
Cynometra marginata,0.808908829,8.537975731,81.64427274,28.75,SynZoo
Cynophalla flexuosa,0.67,4.204776198,215.1922333,12,EndoZoo
Deguelia spruceana,0.67,5.203007187,67.99999999,10,NonZoo
Dendrobangia boliviana,0.635270834,5.565372917,56.67970301,40,EndoZoo
Dialium guianense,0.852447742,5.582399216,58.69825312,40,EndoZoo
Dilodendron bipinnatum,0.617251119,6.101280373,66.01566214,20,EndoZoo
Dimorphandra multiflora,0.770207988,5.66930662,92.46598554,21,EndoZoo
Dimorphandra parviflora,1,5.66930662,96.60000007,21,EndoZoo
Dinizia excelsa,0.92237875,5.298317367,86.28127699,60,NonZoo
Diospyros capreifolia,0.73,6.085637717,84.91133759,15,EndoZoo
Diospyros carbonaria,0.7,6.403802885,120.0048002,17,EndoZoo
Diospyros guianensis,0.73,6.403802885,93.45690005,25,EndoZoo
Diospyros sericea,0.657977613,6.403802885,93.45690005,25,EndoZoo
Diospyros vestita,0.657977613,6.403802885,127.9724283,10.74179277,EndoZoo
Diploon cuspidatum,0.85,7.60090246,65.32105296,32,EndoZoo
Diplotropis martiusii,0.633333333,5.215841145,60.40552214,23.5,NonZoo
Diplotropis purpurea,0.773209871,5.075173815,62.63603766,30.5,NonZoo
Dipteryx magnifica,0.880974009,8.215566268,91.76799569,36.81888889,SynZoo
Dipteryx odorata,0.964299738,8.709465079,67.8,50,SynZoo
Dodecastigma integrifolium,0.613,5.968054969,126.5702135,15,EndoZoo
Drypetes sessiliflora,0.693738415,6.725433722,87.60898157,25,EndoZoo
Drypetes variabilis,0.713824479,5.91148037,78.54366632,34,EndoZoo
Duguetia calycina,0.37,6.08960056,74.88408128,16,EndoZoo
Duguetia echinophora,0.74,6.08960056,80.84727952,30,EndoZoo
Duguetia flagellaris,0.723637738,6.378991954,74.01875611,10,EndoZoo
Duguetia pycnastera,0.723637738,6.08960056,74.01875611,20,EndoZoo
Duguetia stelechantha,0.849,6.08960056,74.01875611,14.02777778,EndoZoo
Duguetia surinamensis,0.8,6.745908393,44.84489275,30,EndoZoo
Dulacia candida,0.568933342,6.574145608,41.94806829,17.5,EndoZoo
Dulacia guianensis,0.568866667,6.561973173,85.22717343,21,EndoZoo
Duroia guianensis,0.763455461,3.439349148,65.62721817,14.8,EndoZoo
Duroia longiflora,0.763455461,3.439349148,149.5,22,EndoZoo
Duroia macrophylla,0.763455461,3.439349148,65.79999998,14.8,EndoZoo
Duroia saccifera,0.763455461,3.439349148,65.62721817,14.8,EndoZoo
Dussia discolor,0.550167924,8.123928356,64.20812061,24,EndoZoo
Ecclinusa guianensis,0.627245199,6.328829243,97.23869821,30,EndoZoo
Ecclinusa ramiflora,0.8705,6.730421264,112.4203827,30,EndoZoo
Elvasia tricarpellata,0.765,5.79533706,52.32258545,36,EndoZoo
Emmotum fagifolium,0.72662,6.429719478,129.965359,30,EndoZoo
Emmotum nitens,0.873375,7.418581003,144.3415073,21,EndoZoo
Endlicheria arunciflora,0.499616024,7.213375798,70.5400726,18.92037037,EndoZoo
Endlicheria multiflora,0.47,7.213375798,70.91927618,18.92037037,EndoZoo
Endlicheria sprucei,0.499616024,7.213375798,51.60000003,18.92037037,EndoZoo
Endopleura uchi,0.783104314,7.154789201,103.6593018,30,EndoZoo
Enterolobium maximum,0.406666667,6.083587116,36.78245477,45,EndoZoo
Enterolobium monjollo,0.493148613,6.083587116,60.16921658,20,EndoZoo
Enterolobium schomburgkii,0.709339957,3.915703723,86.12547211,36,EndoZoo
Ephedranthus pisocarpus,0.700325069,7.714231145,81.30962701,26,EndoZoo
Eriotheca globosa,0.482297737,4.948841033,62.35191423,36,NonZoo
Eriotheca gracilipes,0.520375,4.803621125,164.2506226,20,NonZoo
Eriotheca longipedicellata,0.483333333,4.939528411,83.15719772,51,NonZoo
Eriotheca macrophylla,0.46,5.381698975,95.058445,50,NonZoo
Erisma bicolor,0.549129192,7.095554307,86.72513764,30.5,NonZoo
Erisma uncinatum,0.526704679,6.388561406,114.3175607,45,NonZoo
Erythrina ulei,0.1735,5.761650188,46.53714975,40,EndoZoo
Erythroxylum barbatum,0.775042528,4.198211439,68.78036997,7.704616717,EndoZoo
Erythroxylum citrifolium,0.71,5.241747015,78.16384809,10,EndoZoo
Erythroxylum macrophyllum,0.698929942,4.236278058,76.78696936,10,EndoZoo
Erythroxylum squamatum,0.71,3.60004824,64.93506496,12,EndoZoo
Eschweilera amazonica,0.9,8.074482798,82.07713017,30,SynZoo
Eschweilera apiculata,0.67,8.074482798,86.90155463,30,SynZoo
Eschweilera atropetiolata,0.753,8.074482798,89.20224469,28.52898551,SynZoo
Eschweilera bracteosa,0.79860396,7.492203043,85.13177873,30,SynZoo
Eschweilera collina,0.778368986,8.074482798,152.3454592,30,SynZoo
Eschweilera complanata,0.802024312,8.074482798,89.20224469,28.52898551,SynZoo
Eschweilera coriacea,0.7741064,8.185576647,75.70475566,37,SynZoo
Eschweilera cyathiformis,0.802024312,8.074482798,89.20224469,28.52898551,SynZoo
Eschweilera grandiflora,0.765375,6.907755279,70.91205774,44,SynZoo
Eschweilera micrantha,0.86,8.074482798,94.95900622,32.5,SynZoo
Eschweilera ovata,0.94156,7.553346598,90.09949872,33,SynZoo
Eschweilera paniculata,0.802024312,8.074482798,89.20224469,28.52898551,SynZoo
Eschweilera parviflora,0.917855,7.60090246,136.7,25,SynZoo
Eschweilera parvifolia,0.796,8.074482798,95.44488343,25,SynZoo
Eschweilera pedicellata,0.867,8.074482798,89.44859109,30,SynZoo
Eschweilera piresii,0.802024312,8.074482798,89.20224469,28.52898551,SynZoo
Eschweilera pseudodecolorans,0.802024312,8.074482798,89.20224469,28.52898551,SynZoo
Eschweilera romeu-cardosoi,0.802024312,8.268731832,99.19999997,30,SynZoo
Eschweilera tessmannii,0.789,8.074482798,89.20224469,28.52898551,SynZoo
Eschweilera truncata,0.77,7.60090246,96.07080704,37,SynZoo
Eschweilera wachenheimii,0.8055,8.074482798,78.48127686,30,SynZoo
Esenbeckia leiocarpa,0.96025,4.5271654,44.49999999,30,NonZoo
Esenbeckia pilocarpoides,0.94695804,4.740522767,57.23243837,8,NonZoo
Eugenia adenantha,0.744761513,7.749435104,83.91741034,11.49492898,EndoZoo
Eugenia astringens,0.724835532,7.749435104,120.141179,22,EndoZoo
Eugenia ayacuchae,0.744761513,7.749435104,83.91741034,11.49492898,EndoZoo
Eugenia bahiensis,0.726,7.749435104,83.91741034,15,EndoZoo
Eugenia belemitana,0.744761513,7.749435104,83.91741034,11.49492898,EndoZoo
Eugenia cerasiflora,0.65,6.412208405,83.91741034,25,EndoZoo
Eugenia cupulata,0.67,7.749435104,160,14,EndoZoo
Eugenia dichroma,0.72771849,7.749435104,83.91741034,8.5,EndoZoo
Eugenia excelsa,0.726,7.749435104,83.91741034,20,EndoZoo
Eugenia flamingensis,0.744761513,7.749435104,83.91741034,32,EndoZoo
Eugenia flavescens,0.744761513,7.749435104,83.91741034,6,EndoZoo
Eugenia florida,0.699947168,5.258536497,62.53941738,9,EndoZoo
Eugenia itacarensis,0.744761513,7.749435104,83.91741034,22.5,EndoZoo
Eugenia itapemirimensis,0.726,7.749435104,83.91741034,18,EndoZoo
Eugenia ligustrina,0.938166667,7.749435104,79.6689257,11.49492898,EndoZoo
Eugenia longifolia,0.744761513,7.749435104,83.91741034,18.5,EndoZoo
Eugenia melanogyna,0.744761513,7.749435104,83.91741034,11.49492898,EndoZoo
Eugenia omissa,0.7234201,7.749435104,71.67022805,12,EndoZoo
Eugenia patens,0.744761513,7.749435104,83.91741034,15,EndoZoo
Eugenia patrisii,0.83025,6.253828812,42.00004199,15,EndoZoo
Eugenia pauciflora,0.744761513,7.749435104,83.91741034,11.49492898,EndoZoo
Eugenia platyphylla,0.726,7.749435104,83.91741034,16,EndoZoo
Eugenia plicatocostata,0.744761513,7.749435104,83.91741034,10,EndoZoo
Eugenia polystachya,0.744761513,7.749435104,159.8020516,15,EndoZoo
Eugenia prasina,0.687008362,8.160518247,87.48498223,6.625,EndoZoo
Eugenia pseudopsidium,0.8683775,7.749435104,83.91741034,11.49492898,EndoZoo
Eugenia ramiflora,0.744761513,7.749435104,83.91741034,11.49492898,EndoZoo
Eugenia schottiana,0.744761513,7.749435104,83.91741034,11.49492898,EndoZoo
Eugenia stictopetala,0.744761513,7.749435104,164.9973638,11.49492898,EndoZoo
Eugenia stipitata,0.744761513,7.749435104,83.91741034,6,EndoZoo
Eugenia subterminalis,0.750766667,7.749435104,84.6274808,11.49492898,EndoZoo
Euxylophora paraensis,0.656,-0.015166134,64.38320885,40,NonZoo
Exostyles amazonica,0.58412,6.725433722,42.50416691,19.25,EndoZoo
Exostyles venusta,0.58412,6.725433722,74.96824973,25,EndoZoo
Faramea crassifolia,0.669679013,5.6443764,50.42937704,9.866393894,EndoZoo
Faramea occidentalis,0.597566663,5.338998551,57.66698621,20,EndoZoo
Ferdinandusa elliptica,0.65,4.407797091,84.88031963,11,NonZoo
Ferdinandusa paraensis,0.716666667,5.935601177,84.88031963,11,NonZoo
Ficus christianii,0.44146944,2.051304154,76.0367195,20.39883562,EndoZoo
Ficus citrifolia,0.4,-0.287682072,28.97758337,35,EndoZoo
Ficus gomelleira,0.456663552,3.287157332,150.7553673,45,EndoZoo
Ficus guaranythica,0.44146944,2.051304154,76.0367195,20.39883562,EndoZoo
Ficus hirsuta,0.44146944,2.051304154,76.0367195,20.39883562,EndoZoo
Ficus insipida,0.38066767,0.998546374,89.10860609,40,EndoZoo
Ficus maxima,0.391207965,-1.46967597,72.42515335,35,EndoZoo
Ficus paraensis,0.44146944,0.811729896,89.9657022,20,EndoZoo
Fusaea longifolia,0.786,6.249743555,99.68688044,25,EndoZoo
Galipea congestiflora,0.652155761,3.442019376,59.2299536,9.277777777,SynZoo
Galipea trifoliata,0.6006997,3.442019376,63.35744002,11.33333333,SynZoo
Garcinia brasiliensis,0.782023226,6.98487063,91.86746008,13,EndoZoo
Garcinia macrophylla,0.743333333,7.709233558,125.4390367,20,EndoZoo
Garcinia madruno,0.712878366,7.626862724,94.24306022,16,EndoZoo
Geissospermum argenteum,0.768133228,4.509860006,70.09860621,25.5,EndoZoo
Geissospermum laeve,0.763666667,4.509860006,74.52716054,25,EndoZoo
Geissospermum sericeum,0.781093334,5.913503006,66.83174792,25,EndoZoo
Glycydendron amazonicum,0.682822416,7.744028303,49.46795449,25,EndoZoo
Goupia glabra,0.704739933,0.405465108,65.28048525,40,EndoZoo
Guapira hirsuta,0.5029256,4.812184355,74.13997629,20,EndoZoo
Guapira laxa,0.512255756,4.198686243,98.80000002,15.10602424,EndoZoo
Guapira nitida,0.425,4.812184355,88.99999993,25,EndoZoo
Guapira opposita,0.672613483,4.76969291,73.77032135,30,EndoZoo
Guapira venosa,0.533,4.198686243,119.3766085,25,EndoZoo
Guarea blanchetii,0.610105992,6.686855836,60.12661615,21.60686275,EndoZoo
Guarea carinata,0.61,6.432538083,68.03584904,20,EndoZoo
Guarea grandifolia,0.576815238,6.424619578,76.30275148,50,EndoZoo
Guarea guidonia,0.622557915,5.742307433,58.36547392,20,EndoZoo
Guarea kunthiana,0.64476815,6.86066472,77.60094283,32.5,EndoZoo
Guarea macrophylla,0.630376199,5.924112071,63.15325188,20,EndoZoo
Guarea pubescens,0.53044542,6.686855836,46.77049718,20,EndoZoo
Guarea septentrionalis,0.610105992,6.686855836,60.12661615,21.60686275,EndoZoo
Guarea silvatica,0.696569022,7.757307739,49.3924726,30,EndoZoo
Guatteria australis,0.543133121,4.190470243,96.9787939,26,EndoZoo
Guatteria blepharophylla,0.531499668,6.010294617,69.26646808,24,EndoZoo
Guatteria citriodora,0.531499668,4.507215513,70.76177516,18.35833333,EndoZoo
Guatteria oligocarpa,0.531499668,6.010294617,72.56954859,15,EndoZoo
Guatteria punctata,0.475219592,4.944020545,101.9505881,30,EndoZoo
Guatteria schomburgkiana,0.619,6.010294617,82.10764621,25,EndoZoo
Guatteria ucayalina,0.531499668,6.010294617,82.42755142,18.35833333,EndoZoo
Guatteria villosissima,0.69,6.010294617,72.56954859,8,EndoZoo
Guazuma ulmifolia,0.544962524,2.52446678,56.34135683,30,EndoZoo
Gustavia augusta,0.643333333,7.047017096,88.53040762,10,EndoZoo
Gustavia elliptica,0.669,8.309644742,65.70801789,18.33333333,EndoZoo
Gustavia hexapetala,0.690656241,5.599347457,57.97489349,25,EndoZoo
Gustavia longepetiolata,0.637610661,8.309644742,65.70801789,18.33333333,EndoZoo
Gymnanthes gaudichaudii,0.84899685,5.942799375,85.56545383,10.0584,NonZoo
Handroanthus chrysotrichus,0.99,2.376207233,60.71417382,22.5,NonZoo
Handroanthus impetiginosus,0.870209366,4.477599406,79.742727,37,NonZoo
Handroanthus obscurus,1.21,4.807363904,56.59801902,24.48823529,NonZoo
Handroanthus serratifolius,0.999206496,4.828313737,34.58022749,30,NonZoo
Harleyodendron unifoliolatum,1.13,8.740336743,56.59801902,17.5,EndoZoo
Heisteria acuminata,0.698485723,4.384707067,66.02150102,10.5,EndoZoo
Heisteria barbata,0.709811717,5.578375555,72.06327518,15.88541667,EndoZoo
Heisteria blanchetiana,0.709811717,5.578375555,72.06327518,15.88541667,EndoZoo
Heisteria citrifolia,0.709811717,5.578375555,72.06327518,6,EndoZoo
Heisteria ovata,0.57125,4.620607416,103.1,26,EndoZoo
Heisteria perianthomega,0.709811717,5.578375555,72.06327518,27.5,EndoZoo
Helianthostylis sprucei,0.6275,7.170119543,175.0999999,12,EndoZoo
Helicostylis pedunculata,0.675,5.183876199,94.62113647,25,EndoZoo
Helicostylis scabra,0.735,5.183876199,100.5003611,26.83333333,EndoZoo
Helicostylis tomentosa,0.636519785,4.842183212,42.68076776,30,EndoZoo
Henriettea succosa,0.6,3.80766199,52.27238358,22,EndoZoo
Hernandia guianensis,0.28,7.826706469,74.92005465,32.5,NonZoo
Hevea brasiliensis,0.479395834,8.196987927,82.03445451,43,SynZoo
Hevea guianensis,0.5528633,7.449885753,105.0041838,56,SynZoo
Hieronyma alchorneoides,0.628370102,2.474813794,42.50416691,50,EndoZoo
Himatanthus articulatus,0.516382676,4.779123493,76.01718263,30,NonZoo
Himatanthus attenuatus,0.48,4.304065093,78.88090876,16.35,NonZoo
Himatanthus bracteatus,0.53,4.163156232,90.00392621,25,NonZoo
Himatanthus phagedaenicus,0.69,3.506557897,151.4,22.5,NonZoo
Hirtella bahiensis,0.79437742,5.218406832,74.66867446,27,EndoZoo
Hirtella bicornis,0.885833333,5.218406832,75.68232343,25,EndoZoo
Hirtella eriandra,0.79437742,5.218406832,74.66867446,14.69170322,EndoZoo
Hirtella excelsa,0.79437742,4.880905428,47.16981131,14.69170322,EndoZoo
Hirtella glandulosa,0.91875,4.65646198,103.7455906,20,EndoZoo
Hirtella hebeclada,0.679390479,6.239926141,107.9249299,25,EndoZoo
Hirtella myrmecophila,0.79437742,5.218406832,74.66867446,14.69170322,EndoZoo
Hirtella obidensis,0.79437742,5.218406832,74.66867446,14.69170322,EndoZoo
Hirtella piresii,0.79437742,5.218406832,74.66867446,14.69170322,EndoZoo
Hirtella racemosa,0.790177243,4.63792775,77.12237199,5,EndoZoo
Homalium guianense,0.764644117,2.119263036,52.47661548,19.33333333,NonZoo
Homalolepis cedron,0.514945,9.409191231,89.59378744,26,EndoZoo
Hortia brasiliana,0.9088,4.028556822,97.7937629,20,NonZoo
Humiria balsamifera,0.796189583,5.035952102,139.6853866,25,EndoZoo
Humiriastrum excelsum,0.75,8.271292653,153.9622415,40,EndoZoo
Hydrochorea corymbosa,0.47,4.033050123,53.74752567,20,NonZoo
Hydrogaster trinervis,0.614416667,6.684611728,64.76986896,34,NonZoo
Hyeronima alchorneoides,0.609348104,2.612081075,60.96809253,50,EndoZoo
Hymenaea courbaril,0.775763372,8.260374313,71.45869675,34,SynZoo
Hymenaea intermedia,0.82,8.652532355,82.17758242,24.32142857,SynZoo
Hymenaea oblongifolia,0.735277778,7.703459048,55.57716892,30,SynZoo
Hymenaea parvifolia,0.87735,7.109223611,94.33098597,35,SynZoo
Hymenaea rubriflora,0.813612212,8.652532355,82.17758242,24.32142857,SynZoo
Hymenolobium excelsum,0.65,2.855032391,79.60000001,22.5,NonZoo
Hymenolobium flavum,0.687335,8.937875265,60.88647514,22.5,NonZoo
Hymenolobium modestum,0.670616479,4.701338468,60.88647514,22.5,NonZoo
Hymenolobium petraeum,0.7125,2.119263036,60.88647514,22.5,NonZoo
Hymenolobium sericeum,0.691220922,4.54072534,86.40000001,22.5,NonZoo
Ilex,0.585441902,6.401785193,85.18710912,14.1326087,EndoZoo
Ilex minutiflora,0.585441902,6.401785193,85.18710912,14.1326087,EndoZoo
Ilex petiolaris,0.49,6.401785193,85.18710912,14.1326087,EndoZoo
Ilex sapotifolia,0.585441902,6.401785193,85.18710912,14.1326087,EndoZoo
Inga alba,0.573461235,8.003028666,70.43693165,30,EndoZoo
Inga auristellae,0.565239818,5.278114659,64.95702484,25,EndoZoo
Inga blanchetiana,0.741,6.524616275,61.98762058,20,EndoZoo
Inga brachystachys,0.695,6.524616275,82.00081998,17.44145356,EndoZoo
Inga capitata,0.602821279,7.306775421,76.75491795,30,EndoZoo
Inga cayennensis,0.645669675,5.271031812,54.49904388,20,EndoZoo
Inga chartacea,0.51226814,4.787491743,95.94166744,17,EndoZoo
Inga cordatoalata,0.587263841,4.951079185,72.19882048,30,EndoZoo
Inga crassifolia,0.587263841,6.524616275,61.98762058,17.44145356,EndoZoo
Inga cylindrica,0.499444444,7.641724454,82.95674381,30,EndoZoo
Inga edulis,0.579287099,6.893834197,76.69792465,40,EndoZoo
Inga flagelliformis,0.536,6.524616275,61.98762058,30,EndoZoo
Inga gracilifolia,0.8,6.524616275,38.39140034,30,EndoZoo
Inga grandiflora,0.587263841,6.524616275,61.98762058,17.44145356,EndoZoo
Inga heterophylla,0.64,5.530750965,53.10642054,20,EndoZoo
Inga ingoides,0.5045,6.214608098,61.98762058,30,EndoZoo
Inga lateriflora,0.56229,6.524616275,107.5652892,17.44145356,EndoZoo
Inga laurina,0.679336716,6.677285371,66.37681455,23.33333333,EndoZoo
Inga laxiflora,0.587263841,6.524616275,61.98762058,17.44145356,EndoZoo
Inga macrophylla,0.61,6.524616275,50.63750033,25,EndoZoo
Inga marginata,0.5431275,6.314895482,69.61833371,30,EndoZoo
Inga microcalyx,0.6674575,6.524616275,82.48730288,17.44145356,EndoZoo
Inga nobilis,0.606597466,5.150860897,61.8586903,14,EndoZoo
Inga obidensis,0.587263841,6.524616275,83.67738418,17.44145356,EndoZoo
Inga paraensis,0.82,5.799765828,84.8975711,30,EndoZoo
Inga pilosula,0.587263841,6.524616275,50.63750033,20,EndoZoo
Inga punctata,0.516707562,5.628645768,68.17405375,24.1,EndoZoo
Inga rubiginosa,0.66229,6.524616275,80.66825771,18,EndoZoo
Inga stipularis,0.6125,6.524616275,80.83638713,15,EndoZoo
Inga striata,0.587833333,6.636766429,45.20795658,23,EndoZoo
Inga subnuda,0.602888908,6.524616275,120.5818243,16,EndoZoo
Inga thibaudiana,0.513473989,5.021775099,56.5239323,20,EndoZoo
Inga ulei,0.587263841,6.524616275,61.98762058,17.44145356,EndoZoo
Inga umbellifera,0.714847482,6.078004225,51.78791765,20,EndoZoo
Inga umbratica,0.7427007,5.934122293,66.05197123,20,EndoZoo
Inga velutina,0.595994912,5.447527146,52.4328859,20,EndoZoo
Inga vera,0.59,6.524616275,65.74798387,20,EndoZoo
Iryanthera hostmannii,0.59675,6.264477046,75.14399987,27.5,EndoZoo
Iryanthera juruensis,0.623177333,7.986334914,80.12100432,22,EndoZoo
Iryanthera lancifolia,0.50333,7.628363594,142.7829162,25,EndoZoo
Iryanthera paraensis,0.63626637,7.628363594,87.57334265,23.83333333,EndoZoo
Iryanthera sagotiana,0.5719975,7.628363594,91.63497748,23.83333333,EndoZoo
Isertia hypoleuca,0.5625,6.802394763,72.82555807,13,EndoZoo
Ixora arborea,0.745075254,4.043433896,77.53343812,7.015481481,EndoZoo
Ixora muelleri,0.69,4.043433896,131.5962626,10.71,EndoZoo
Jacaranda copaia,0.35707794,2.327159466,60.12934194,30,NonZoo
Jacaratia heptaphylla,0.265,3.774706504,25.18752111,20,EndoZoo
Jacaratia spinosa,0.325,3.912799865,32.58516248,40,EndoZoo
Joannesia heveoides,0.39,8.608760385,89.55129548,20,SynZoo
Kielmeyera elata,0.59108295,3.807095729,114.5831171,15,NonZoo
Lacistema aggregatum,0.526734304,3.191273358,48.93787561,12,EndoZoo
Lacistema polystachyum,0.511081921,3.160107292,63.29107488,13.525,EndoZoo
Lacistema pubescens,0.4766032,3.160107292,99.66105362,15,EndoZoo
Lacistema robustum,0.511081921,3.160107292,63.29107488,10,EndoZoo
Lacmellea aculeata,0.53,5.668213633,84.00043681,20,EndoZoo
Lacmellea bahiensis,0.516869356,5.668213633,48.83270662,21.85666667,EndoZoo
Lacmellea gracilis,0.516869356,5.668213633,48.83270662,21.85666667,EndoZoo
Lacunaria crenata,0.806291667,4.990432587,41.99269245,16,EndoZoo
Lacunaria jenmanii,0.795605659,5.582660538,69.67670013,18,EndoZoo
Laetia procera,0.627017429,1.29982829,57.34998959,37,EndoZoo
Lecythis barnebyi,0.801091945,9.833390947,88.10535206,32.53334167,EndoZoo
Lecythis corrugata,0.776915714,9.833390947,88.10535206,30,EndoZoo
Lecythis holcogyne,0.77606,9.833390947,102.6960185,32,EndoZoo
Lecythis idatimon,0.798571429,9.833390947,94.11480944,34,EndoZoo
Lecythis lanceolata,0.9895,8.217088639,88.10535206,30,EndoZoo
Lecythis lurida,0.841916667,10.77098812,95.56617725,36,EndoZoo
Lecythis pisonis,0.873528267,8.437169748,113.2800042,50,EndoZoo
Lecythis prancei,0.875,9.833390947,76.97614071,32.53334167,EndoZoo
Lecythis zabucajo,0.849694167,6.856461985,69.00358819,32,EndoZoo
Leonia cymosa,0.65,5.948161385,60.91893659,21.5,EndoZoo
Licania adolphoduckei,0.804501603,9.615652223,88.77605937,25.19677177,SynZoo
Licania apetala,0.705855333,8.334871715,104.5563352,35,SynZoo
Licania belemii,0.823,9.615652223,88.77605937,27,SynZoo
Licania bracteata,0.804501603,9.615652223,88.77605937,25.19677177,SynZoo
Licania canescens,0.88,9.615652223,80.63744961,30,SynZoo
Licania discolor,0.8868725,9.615652223,88.77605937,25.19677177,SynZoo
Licania egleri,0.84,9.615652223,75.69999996,25.19677177,SynZoo
Licania heteromorpha,0.819590305,7.786697145,84.00008158,30,SynZoo
Licania heterophylla,0.804501603,9.615652223,88.77605937,25.19677177,SynZoo
Licania hoehnei,0.660355532,8.455317788,135.1978319,23.5,SynZoo
Licania impressa,0.9205,9.615652223,113.5758625,25.19677177,SynZoo
Licania kunthiana,0.903478191,5.80914249,103.0630282,10,SynZoo
Licania lamentanda,0.804501603,9.615652223,88.77605937,25,SynZoo
Licania latifolia,0.804501603,9.615652223,103.8566546,25,SynZoo
Licania laxiflora,1.0332,9.615652223,88.77605937,48,SynZoo
Licania leptostachya,0.804501603,9.615652223,88.77605937,25.19677177,SynZoo
Licania littoralis,0.91,7.38579108,88.77605937,26,SynZoo
Licania longistyla,0.804501603,10.53555688,80.04346303,20,SynZoo
Licania membranacea,0.88,5.913503006,123.2777689,42,SynZoo
Licania micrantha,0.837395765,9.615652223,110.1,36,SynZoo
Licania niloi,0.804501603,9.615652223,88.77605937,25.19677177,SynZoo
Licania oblongifolia,0.803538386,9.615652223,76.77409803,25.19677177,SynZoo
Licania octandra,0.8225,7.308878039,94.17082592,18,SynZoo
Licania rodriguesii,0.844,9.615652223,88.77605937,25.19677177,SynZoo
Licania salzmannii,0.82075,11.2505612,88.77605937,40,SynZoo
Licania sothersiae,0.839,9.615652223,62.1,25.19677177,SynZoo
Licania unguiculata,0.7375945,9.951832075,135.6439282,30,SynZoo
Licaria aurea,0.742584769,7.995331586,86.65864332,18.85416667,EndoZoo
Licaria bahiana,0.553,7.995331586,86.65864332,18.85416667,EndoZoo
Licaria brasiliensis,0.86,7.995331586,100.6412699,18.85416667,EndoZoo
Licaria chrysophylla,0.8575,7.995331586,86.65864332,18.85416667,EndoZoo
Licaria crassifolia,0.904457738,8.494743063,125.0253645,18.85416667,EndoZoo
Licaria guianensis,0.753039544,7.995331586,66.15944428,16,EndoZoo
Licaria martiniana,0.742584769,7.995331586,86.65864332,18.85416667,EndoZoo
Licaria rodriguesii,0.742584769,7.995331586,86.65864332,18.85416667,EndoZoo
Lindackeria latifolia,0.638636791,4.142643048,61.92822747,17.66666667,EndoZoo
Lindackeria paludosa,0.584476861,4.436751534,58.77167205,25,EndoZoo
Lindackeria paraensis,0.82,4.142643048,61.92822747,17.66666667,EndoZoo
Luehea cymulosa,0.501916667,1.687161882,49.73639709,16,NonZoo
Luehea grandiflora,0.5745,1.698265112,59.93874086,25,NonZoo
Luehea ochrophylla,0.566441111,1.687161882,43.15320062,18,NonZoo
Luehea speciosa,0.671079553,2.48906466,59.14420025,30,NonZoo
Lueheopsis duckeana,0.615867864,9.324750704,98.53550617,28,NonZoo
Lueheopsis rosea,0.33,4.033050123,74.34944238,28,NonZoo
Mabea angularis,0.618348273,5.480986086,62.79999997,15.75,NonZoo
Mabea angustifolia,0.618348273,5.480986086,73.90559954,15.75,EndoZoo
Mabea occidentalis,0.6433748,5.010635294,59.76214663,25,NonZoo
Mabea piriri,0.597583334,5.825270343,69.3822477,20,EndoZoo
Mabea speciosa,0.635,5.480986086,87.86722919,18,NonZoo
Machaerium hirtum,0.66,6.265901793,74.21906219,12,NonZoo
Macoubea guianensis,0.412389167,5.684501451,65.79999998,25,EndoZoo
Macrolobium angustifolium,0.6875,8.423761247,81.30962701,30,NonZoo
Macrolobium bifolium,0.66,7.984811905,50.05448679,20,NonZoo
Macrolobium brevense,0.64017532,7.984811905,64.89877394,28,NonZoo
Macrolobium campestre,0.64017532,7.984811905,64.89877394,28,NonZoo
Macrolobium gracile,0.64017532,7.984811905,57.35477811,25,NonZoo
Macrolobium latifolium,0.6705,7.984811905,64.89877394,28,NonZoo
Macrolobium limbatum,0.58,7.984811905,111,30,NonZoo
Macrolobium microcalyx,0.73,7.984811905,104.0385692,30,NonZoo
Macrolobium multijugum,0.64017532,7.989560449,64.89877394,28,NonZoo
Macrothumia kuhlmannii,0.604,6.400257445,61.83909465,20,EndoZoo
Malouetia cestroides,0.58,5.435044574,51.25877465,18,NonZoo
Mangifera indica,0.558215413,9.709052928,139.80613,30,SynZoo
Manilkara bidentata,0.867139351,6.697626665,127.3659113,40,EndoZoo
Manilkara cavalcantei,0.834,6.15989232,81.00000002,25.82798095,EndoZoo
Manilkara elata,0.924220693,6.15989232,140.5884856,45,EndoZoo
Manilkara longifolia,1.0015,6.15989232,111.846362,31,EndoZoo
Manilkara maxima,0.870098232,6.119297919,111.846362,31,EndoZoo
Manilkara multifida,0.870098232,6.15989232,111.846362,14,EndoZoo
Manilkara paraensis,0.86,6.15989232,111.846362,35,EndoZoo
Manilkara rufula,0.870098232,6.15989232,111.846362,25.82798095,EndoZoo
Manilkara salzmannii,0.995833334,5.411112861,114.3991526,40,EndoZoo
Maprounea guianensis,0.599711042,2.397895273,66.61214498,35,EndoZoo
Maquira coriacea,0.5112,6.018388327,74.32112346,50,EndoZoo
Maquira guianensis,0.663015288,5.313659078,53.03611269,30,EndoZoo
Maquira sclerophylla,0.5135,7.908387159,106.202865,30,EndoZoo
Margaritaria nobilis,0.595575809,4.529364154,45.07145692,30,EndoZoo
Marlierea excoriata,0.936,5.991464547,100.9693053,20,EndoZoo
Marlierea rufa,0.764927565,5.991464547,93.73406321,13.20138889,EndoZoo
Matayba discolor,0.86,5.708061094,79.14814361,7,EndoZoo
Matayba guianensis,0.820966667,5.79533706,84.00000001,25,EndoZoo
Matayba sylvatica,0.725291005,5.708061094,79.14814361,20.57551852,EndoZoo
Matisia ochrocalyx,0.517736457,6.67171492,56.02486965,17,EndoZoo
Maytenus,0.730335805,4.308686708,108.589031,8.944651961,EndoZoo
Melanoxylon brauna,0.9798,3.757872326,42.00004199,25,NonZoo
Melicoccus pedicellaris,0.86,7.986179033,66.9671886,23,EndoZoo
Metrodorea flavida,0.66,4.701338468,85.98610496,19,NonZoo
Mezilaurus decurrens,0.745552118,7.525639975,74.13371507,27.25,EndoZoo
Mezilaurus duckei,0.672903099,7.525639975,101.8255572,27.25,EndoZoo
Mezilaurus itauba,0.726306187,7.525639975,92.28048601,45,EndoZoo
Mezilaurus lindaviana,0.68,7.525639975,74.13371507,27.25,EndoZoo
Miconia affinis,0.585019124,-1.416464435,55.79509398,10,EndoZoo
Miconia argyrophylla,0.619551179,-0.015166134,114.481969,10,EndoZoo
Miconia calvescens,0.42,-2.253794929,49.99999998,12,EndoZoo
Miconia centrodesma,0.619551179,-2.465104022,30.66073893,5,EndoZoo
Miconia chrysophylla,0.62,-0.015166134,66.08438996,15,EndoZoo
Miconia cuspidata,0.808,-0.916290732,94.95572753,22,EndoZoo
Miconia dichrophylla,0.75,-0.015166134,66.08438996,10.25732013,EndoZoo
Miconia dispar,0.619551179,-0.404215889,109.7321329,10.25732013,EndoZoo
Miconia dorsaliporosa,0.619551179,-0.015166134,66.08438996,10.25732013,EndoZoo
Miconia egensis,0.619551179,-0.015166134,66.08438996,10.25732013,EndoZoo
Miconia eriodonta,0.619551179,-0.015166134,66.08438996,10.25732013,EndoZoo
Miconia gratissima,0.619551179,-0.015166134,66.08438996,10.25732013,EndoZoo
Miconia hypoleuca,0.619551179,-0.015166134,74.35889651,10.25732013,EndoZoo
Miconia lepidota,0.75,-0.015166134,77.10000003,16,EndoZoo
Miconia minutiflora,0.5,-0.015166134,96.04535742,14,EndoZoo
Miconia mirabilis,0.60185,-0.015166134,80.71676488,20,EndoZoo
Miconia paniculata,0.619551179,-0.015166134,66.08438996,5,EndoZoo
Miconia poeppigii,0.596666667,-0.015166134,74.04664941,26,EndoZoo
Miconia prasina,0.664302072,1.10472689,73.56661652,18,EndoZoo
Miconia punctata,0.531,-0.047196435,89.19815326,16.5,EndoZoo
Miconia pyrifolia,0.5458847,-0.015166134,124.688839,30,EndoZoo
Miconia ruficalyx,0.619551179,-0.015166134,61.22385934,26,EndoZoo
Miconia tetraspermoides,0.619551179,-0.015166134,66.08438996,10.25732013,EndoZoo
Miconia tomentosa,0.71,-1.609437912,58.1868963,10.25732013,EndoZoo
Micrandropsis scleroxylon,1.03,5.459372726,83.59999999,25,NonZoo
Micropholis,0.638866117,5.809357253,97.96207862,27.89761905,EndoZoo
Micropholis acutangula,0.638866117,5.809357253,97.96207862,27.89761905,EndoZoo
Micropholis crassipedicellata,0.6575,5.298317367,190.8761215,35,EndoZoo
Micropholis egensis,0.598873016,5.992089352,54.66662096,32,EndoZoo
Micropholis gardneriana,0.725,5.809357253,166.7,27.89761905,EndoZoo
Micropholis guyanensis,0.652798899,5.881231067,67.60494187,35,EndoZoo
Micropholis melinoniana,0.53,5.809357253,97.96207862,40,EndoZoo
Micropholis splendens,0.884073512,5.809357253,147.1000001,27.89761905,EndoZoo
Micropholis venulosa,0.642658139,6.142037406,49.86962171,40,EndoZoo
Micropholis williamii,0.718,5.809357253,153.8,27.89761905,EndoZoo
Minquartia guianensis,0.758846594,7.367024416,71.87926683,40,EndoZoo
Moldenhawera blanchetiana,0.81,6.43775165,81.30962701,21.66666667,NonZoo
Moldenhawera floribunda,0.81,6.43775165,153.8,22,NonZoo
Monteverdia distichophylla,0.773775801,4.94227903,114.8399543,22,EndoZoo
Monteverdia guyanensis,0.718833333,5.703782475,80.1785416,30,EndoZoo
Monteverdia myrsinoides,0.75,4.94227903,158.6510095,31,EndoZoo
Monteverdia schummaniana,0.739401882,4.94227903,105.3860861,18,EndoZoo
Moronobea coccinea,0.832223334,7.60090246,59.68980044,36,EndoZoo
Mouriri brachyanthera,0.7220887,5.323239335,98.19999996,16.93333333,EndoZoo
Mouriri collocarpa,0.833333333,5.323239335,80.67961725,16.93333333,EndoZoo
Mouriri duckeana,0.846316623,5.323239335,80.67961725,16.93333333,EndoZoo
Mouriri ficoides,0.846316623,5.323239335,80.67961725,16.93333333,EndoZoo
Mouriri nervosa,0.846316623,5.323239335,80.67961725,16.93333333,EndoZoo
Mouriri nigra,0.895,5.394608429,44.2,33,EndoZoo
Mouriri regeliana,0.846316623,5.323239335,80.67961725,16.93333333,EndoZoo
Mouriri sagotiana,0.9,5.323239335,80.67961725,16.93333333,EndoZoo
Myrcia amazonica,0.821377472,4.394449155,94.28660925,8,EndoZoo
Myrcia amplexicaulis,0.798578387,5.499878852,207.3000001,12,EndoZoo
Myrcia bergiana,0.798578387,5.499878852,97.07720881,11.68532829,EndoZoo
Myrcia bracteata,0.798578387,5.499878852,97.07720881,11.68532829,EndoZoo
Myrcia caudata,0.798578387,5.499878852,97.07720881,11.68532829,EndoZoo
Myrcia eximia,0.798578387,5.499878852,97.07720881,18,EndoZoo
Myrcia fenestrata,0.798578387,5.499878852,97.07720881,11.68532829,EndoZoo
Myrcia minutiflora,0.798578387,5.499878852,97.07720881,11.68532829,EndoZoo
Myrcia multiflora,0.78975,2.52332576,98.55187093,17,EndoZoo
Myrcia multipunctata,0.798578387,5.499878852,97.07720881,7,EndoZoo
Myrcia neoglabra,0.936,5.499878852,97.07720881,14,EndoZoo
Myrcia obversa,0.936,5.499878852,97.07720881,22,EndoZoo
Myrcia paivae,0.773975,5.499878852,97.07720881,11.68532829,EndoZoo
Myrcia pubipetala,0.7878,5.298317367,120.2356619,25,EndoZoo
Myrcia pyrifolia,0.82,5.499878852,97.07720881,11.68532829,EndoZoo
Myrcia racemosa,0.743809019,6.579251212,77.84524364,27,EndoZoo
Myrcia rotundifolia,0.798578387,5.499878852,97.07720881,4,EndoZoo
Myrcia rufipila,0.798578387,5.393627546,97.07720881,11.68532829,EndoZoo
Myrcia servata,0.798578387,5.499878852,97.07720881,11.68532829,EndoZoo
Myrcia splendens,0.788742882,4.568218424,85.73449754,30,EndoZoo
Myrcia strigipes,0.919269014,5.703782475,94.18460967,22,EndoZoo
Myrcia sylvatica,0.53,5.499878852,118.9161345,10,EndoZoo
Myrcia tomentosa,0.82,5.599421459,119.2572326,12,EndoZoo
Myrcia umbraticola,0.798578387,5.499878852,104.8793034,11.68532829,EndoZoo
Myrcia vellozoi,0.65,5.499878852,97.07720881,21,EndoZoo
Myrcia vittoriana,0.876666667,5.499878852,97.07720881,11.68532829,EndoZoo
Myrciaria ferruginea,0.852201695,5.583835458,54.69838608,22,EndoZoo
Myrciaria floribunda,0.810083333,5.488467982,55.64514604,30,EndoZoo
Myrciaria guaquiea,0.852201695,5.583835458,54.69838608,11.45743609,EndoZoo
Myrciaria tenella,0.97,5.583835458,82.61368361,6,EndoZoo
Myrsine guianensis,0.584222222,4.057883479,114.0487211,25,EndoZoo
Myrsine umbellata,0.701371312,4.131015732,112.2348389,22,EndoZoo
Naucleopsis caloneura,0.65,6.549607823,103.8142642,20,EndoZoo
Naucleopsis concinna,0.67,6.170956149,76.83583877,21.62962963,EndoZoo
Naucleopsis oblongifolia,0.651,6.146143373,76.83583877,21.62962963,EndoZoo
Nectandra,0.531522079,7.32956755,82.04357397,25.32331183,EndoZoo
Nectandra cuspidata,0.518133333,6.645391016,95.29751388,30,EndoZoo
Nectandra membranacea,0.538805697,6.645391016,70.16214917,35,EndoZoo
Neea floribunda,0.62,4.65396035,77.45933384,22,EndoZoo
Neea macrophylla,0.555415547,5.568825304,96.47440095,15,EndoZoo
Neea madeirana,0.548053851,4.917081125,92.5537117,15.66120296,EndoZoo
Neea oppositifolia,0.891823057,6.201887534,127.4174998,15.66120296,EndoZoo
Neea ovalifolia,0.77,4.917081125,71.10798122,15.66120296,EndoZoo
Neomitranthes obscura,0.89,5.298317367,146.0893489,15,EndoZoo
Neoraputia paraensis,0.806790215,5.403677882,50.48975462,5,SynZoo
Ocotea aciphylla,0.50754979,7.750270291,101.4553577,25,EndoZoo
Ocotea argyrophylla,0.505819271,6.676520899,77.22007723,31,EndoZoo
Ocotea baturitensis,0.539586458,6.676520899,85.49321448,19.95401965,EndoZoo
Ocotea canaliculata,0.547035,7.013115795,70.91553557,30,EndoZoo
Ocotea cernua,0.56698174,3.731938944,76.13347965,15,EndoZoo
Ocotea corymbosa,0.5885,5.749689851,90.26101449,30,EndoZoo
Ocotea cujumary,0.7,6.676520899,80.30446119,8,EndoZoo
Ocotea divaricata,0.539586458,6.676520899,76.90000004,19.95401965,EndoZoo
Ocotea fasciculata,0.59525,6.676520899,85.49321448,28,EndoZoo
Ocotea glauca,0.539586458,6.676520899,85.49321448,19.95401965,EndoZoo
Ocotea glomerata,0.523979905,6.676520899,118.9343786,18,EndoZoo
Ocotea guianensis,0.454821667,1.945910149,119.047619,25.35598407,EndoZoo
Ocotea indecora,0.59634375,6.239842786,87.06562424,25,EndoZoo
Ocotea insignis,0.539586458,6.676520899,85.49321448,19.95401965,EndoZoo
Ocotea leucoxylon,0.487478044,5.177689225,65.1996639,30,EndoZoo
Ocotea longifolia,0.614906806,6.899723107,79.82120053,25,EndoZoo
Ocotea macrophylla,0.539586458,6.676520899,85.49321448,19.95401965,EndoZoo
Ocotea nigrescens,0.52,6.676520899,122.8501229,30,EndoZoo
Ocotea nitida,0.539586458,6.676520899,135.5880523,23.5,EndoZoo
Ocotea olivacea,0.59,6.676520899,82.53636573,15,EndoZoo
Ocotea oppositifolia,0.539586458,6.676520899,85.49321448,19.95401965,EndoZoo
Ocotea pauciflora,0.59,6.676520899,80.8472391,4,EndoZoo
Ocotea percurrens,0.499925,6.676520899,99.26637476,35,EndoZoo
Ocotea petalanthera,0.522610137,6.676520899,85.49321448,14,EndoZoo
Ocotea puberula,0.431427692,4.820616123,69.64858582,35,EndoZoo
Ocotea rubrinervis,0.539586458,6.676520899,98.36710604,19.95401965,EndoZoo
Ocotea tomentella,0.46494,6.676520899,117.6586447,32,EndoZoo
Onychopetalum amazonicum,0.636666667,8.356636609,138.8888889,30,EndoZoo
Ormosia coccinea,0.622120321,6.072747255,118.0626409,34,EndoZoo
Ormosia coutinhoi,0.591273333,9.210340372,162.2,34,EndoZoo
Ormosia flava,0.58,7.401292873,44.905642,35,EndoZoo
Ormosia nobilis,0.58,5.861603269,75.19294507,26.94344305,EndoZoo
Ormosia paraensis,0.66346875,6.109247583,60.95611341,40,EndoZoo
Osteophloeum platyspermum,0.465857143,8.366370302,71.90659707,40,EndoZoo
Ouratea aquatica,0.73780324,5.49872678,105.8909542,7.673,EndoZoo
Ouratea castaneifolia,0.6905,4.585871152,122.5737345,16,EndoZoo
Ouratea conduplicata,0.73780324,5.49872678,105.8909542,18,EndoZoo
Ouratea discophora,0.791,5.49872678,111.4827202,7.673,EndoZoo
Ouratea leprieuri,0.73780324,5.49872678,105.8909542,7.673,EndoZoo
Ouratea odora,0.73780324,5.49872678,105.8909542,7.673,EndoZoo
Oxandra polyantha,0.778,6.434579424,66.39919646,15,EndoZoo
Pachira nervosa,0.47,7.441190697,58.19011628,30,NonZoo
Palicourea,0.517649708,4.454476091,46.97978914,10.024,EndoZoo
Palicourea grandiflora,0.517649708,4.792242346,50.82333807,10.024,EndoZoo
Palicourea guianensis,0.32546974,2.431920891,49.3718628,11.4,EndoZoo
Palicourea macrobotrys,0.517649708,4.454476091,46.97978914,10.024,EndoZoo
Palicourea triphylla,0.517649708,4.454476091,46.97978914,10.024,EndoZoo
Parahancornia fasciculata,0.466605,7.628363594,79.1645794,34,EndoZoo
Paramachaerium ormosioides,0.75,6.401785193,80.25682186,24.49027778,NonZoo
Parinari alvimii,0.84,7.13089883,89.8896518,27.4537037,EndoZoo
Parinari excelsa,0.706716753,8.756949976,81.85384935,35,EndoZoo
Parinari montana,0.71,8.863365845,132.9131683,30,EndoZoo
Parinari parvifolia,0.707,8.863365845,89.8896518,27.4537037,EndoZoo
Parinari rodolphii,0.7215725,8.863365845,89.8896518,27.4537037,EndoZoo
Parinariopsis licaniiflora,0.7047675,9.570023287,77.01393789,35,SynZoo
Parkia decussata,0.775,6.658836676,89.41005018,10,EndoZoo
Parkia gigantocarpa,0.26,6.658836676,62.44228774,16,EndoZoo
Parkia multijuga,0.353098499,7.874834178,44.55136771,40,EndoZoo
Parkia nitida,0.37249152,6.871609832,55.58807668,40,EndoZoo
Parkia pendula,0.539769508,4.903478405,137.5,50,EndoZoo
Parkia ulei,0.378575,6.658836676,156.6791786,25.625,EndoZoo
Parkia velutina,0.473077004,6.464218298,33.26901322,40,EndoZoo
Pausandra macropetala,0.586739304,6.483107351,81.58981769,14.75,EndoZoo
Pausandra trianae,0.634909856,5.165026516,61.76652253,10,EndoZoo
Paypayrola blanchetiana,0.598,4.455509411,105.06886,18,NonZoo
Paypayrola grandiflora,0.63,4.455509411,63.25818314,18,NonZoo
Peltogyne catingae,0.751666667,6.637985814,126.5822785,30.83333333,NonZoo
Peltogyne confertiflora,0.885833333,6.705230811,88.7800321,30,NonZoo
Peltogyne excelsa,0.78,6.637985814,81.76325048,30.83333333,NonZoo
Peltogyne paniculata,0.793283572,6.637985814,67.01939868,30,NonZoo
Peltogyne pauciflora,0.788553448,6.637985814,95.0594339,32,NonZoo
Peltogyne venosa,0.7675,5.298317367,104.0064534,50,NonZoo
Pera bicolor,0.600647111,3.36698924,64.63706287,17.20555556,EndoZoo
Pera glabrata,0.65173517,2.735835304,112.2688942,35,EndoZoo
Perebea guianensis,0.577544617,6.150602768,44.11018724,25,EndoZoo
Perebea mollis,0.4975,5.92289123,54.39289104,40,EndoZoo
Phyllostemonodaphne geminiflora,0.742584769,5.743403749,82.59527942,7,EndoZoo
Piptadenia gonoacantha,0.709916667,4.000082722,123.1956571,33,NonZoo
Piptadenia paniculata,0.523271099,-1.647191702,67.57480794,36,NonZoo
Pisonia,0.416348332,4.431167403,71.04166834,14.8912,EndoZoo
Plathymenia reticulata,0.527013333,3.673757572,72.20000001,30,NonZoo
Platymiscium trinitatis,0.864,5.380682483,144.2,30,NonZoo
Plinia callosa,0.765721817,6.929832647,82.59527942,14.79166667,EndoZoo
Plinia edulis,0.91,7.824046011,82.59527942,18,EndoZoo
Plinia muricata,0.765721817,6.929832647,82.59527942,14.79166667,EndoZoo
Plinia rivularis,0.95,7.13089883,152.2759409,25,EndoZoo
Pogonophora schomburgkiana,0.911961667,4.509860006,60.12301029,30,EndoZoo
Poraqueiba paraensis,0.756710413,6.745908393,133.3666456,23,EndoZoo
Porocystis toulicioides,0.585441902,2.120223535,49.53683063,33,NonZoo
Posoqueria latifolia,0.574217588,5.74720936,80.94220512,24,EndoZoo
Pourouma bicolor,0.347973686,5.415436478,74.08879061,30,EndoZoo
Pourouma cuspidata,0.386685933,6.10400182,73.73123027,26.65518037,EndoZoo
Pourouma guianensis,0.380730883,6.610090208,59.91611706,30,EndoZoo
Pourouma minor,0.39828221,6.467698726,47.39111889,35,EndoZoo
Pourouma mollis,0.39,5.663718873,130.113671,30,EndoZoo
Pourouma ovata,0.386685933,6.10400182,73.73123027,26.65518037,EndoZoo
Pourouma tomentosa,0.397004339,5.940757547,68.90325553,35,EndoZoo
Pourouma velutina,0.386685933,6.10400182,73.73123027,15,EndoZoo
Pourouma villosa,0.34,6.10400182,110.7390648,30,EndoZoo
Pouteria amazonica,0.726666473,8.356636609,83.02509969,26.78611111,EndoZoo
Pouteria ambelaniifolia,0.6969147,8.356636609,146.0893489,31,EndoZoo
Pouteria anomala,0.676949315,8.356636609,90.71448956,35,EndoZoo
Pouteria bangii,0.819,5.76921903,73.7531474,30,EndoZoo
Pouteria bapeba,0.726666473,8.356636609,83.02509969,28,EndoZoo
Pouteria bilocularis,0.793889656,6.736254961,60.51803435,35,EndoZoo
Pouteria caimito,0.850254953,8.29404964,90.10700774,25,EndoZoo
Pouteria campanulata,0.726666473,8.356636609,66.40000003,26.78611111,EndoZoo
Pouteria cladantha,0.9424,6.29156914,117.5314518,25,EndoZoo
Pouteria coriacea,0.83922,8.356636609,83.02509969,23,EndoZoo
Pouteria crassiflora,0.726666473,8.356636609,83.02509969,26.78611111,EndoZoo
Pouteria cuspidata,0.898805,5.828945618,88.68337862,35,EndoZoo
Pouteria decorticans,0.9,8.356636609,109.9989,25,EndoZoo
Pouteria durlandii,0.753205558,7.503427438,66.6522467,25,EndoZoo
Pouteria elegans,0.73,8.356636609,148.1728437,26.78611111,EndoZoo
Pouteria engleri,0.77422,8.356636609,93.75943746,22,EndoZoo
Pouteria erythrochrysa,0.726666473,8.356636609,59.20000001,26.78611111,EndoZoo
Pouteria eugeniifolia,0.935182089,8.356636609,121.6099849,43,EndoZoo
Pouteria filipes,1.012284167,8.356636609,107.0090958,40,EndoZoo
Pouteria fimbriata,0.726666473,8.356636609,43.16395966,28,EndoZoo
Pouteria freitasii,0.726666473,8.356636609,83.02509969,26.78611111,EndoZoo
Pouteria gardneri,0.828916667,5.521460918,78.60857176,22,EndoZoo
Pouteria gongrijpii,0.78,8.356636609,126.9195309,20,EndoZoo
Pouteria grandiflora,0.82,10.00884807,83.02509969,22,EndoZoo
Pouteria guianensis,0.9145985,7.787278287,66.15031272,40,EndoZoo
Pouteria heterosepala,0.726666473,8.356636609,83.02509969,26.78611111,EndoZoo
Pouteria jariensis,0.63,7.170119543,99.93080795,24,EndoZoo
Pouteria krukovii,0.79,8.356636609,110.7297088,25,EndoZoo
Pouteria macrocarpa,0.77,9.556055476,169.8576695,30,EndoZoo
Pouteria macrophylla,0.84021875,8.633493617,88.78020016,30,EndoZoo
Pouteria manaosensis,0.6885,8.356636609,87.57845568,25,EndoZoo
Pouteria melanopoda,0.64,8.356636609,135.0359385,35,EndoZoo
Pouteria minima,0.769389559,8.356636609,83.02509969,35,EndoZoo
Pouteria oblanceolata,0.79,8.356636609,158.5000066,26.78611111,EndoZoo
Pouteria opposita,0.726666473,8.356636609,83.02509969,26.78611111,EndoZoo
Pouteria oppositifolia,0.645,8.356636609,73.07923986,30,EndoZoo
Pouteria pallens,0.71,7.369770838,74.41583573,20,EndoZoo
Pouteria pariry,0.735,8.356636609,83.02509969,30,EndoZoo
Pouteria peruviensis,0.726666473,8.356636609,83.02509969,26.78611111,EndoZoo
Pouteria petiolata,0.726666473,8.356636609,76.10350076,25,EndoZoo
Pouteria platyphylla,0.726666473,6.290642785,60.87538805,18,EndoZoo
Pouteria pohlmaniana,0.6819923,5.459585514,83.02509969,26.78611111,EndoZoo
Pouteria prieurii,0.726666473,8.356636609,83.02509969,26.78611111,EndoZoo
Pouteria procera,0.726666473,8.356636609,83.63245095,40,EndoZoo
Pouteria reticulata,0.74167921,6.708775542,63.12526218,41,EndoZoo
Pouteria retinervis,0.726666473,8.356636609,93.54536951,32,EndoZoo
Pouteria speciosa,0.607005,8.356636609,83.02509969,26.78611111,EndoZoo
Pouteria stipulifera,0.726666473,8.356636609,83.02509969,26.78611111,EndoZoo
Pouteria tenuisepala,0.726666473,8.356636609,83.02509969,26.78611111,EndoZoo
Pouteria trilocularis,0.671952459,6.44883876,80.48289738,35,EndoZoo
Pouteria venosa,0.92,10.1266311,66.64165483,25,EndoZoo
Pouteria vernicosa,0.741512086,7.427639747,81.88666884,26.78611111,EndoZoo
Pouteria virescens,0.726666473,8.356636609,83.02509969,26.78611111,EndoZoo
Pouteria williamii,0.726666473,8.356636609,169.5,26.78611111,EndoZoo
Pradosia brevipes,0.718353741,7.38162049,114.2,28.41666667,EndoZoo
Pradosia cochlearia,0.73,7.718685495,151.6999999,40,EndoZoo
Pradosia granulosa,0.718353741,7.38162049,103.4494443,28.41666667,EndoZoo
Pradosia grisebachii,0.718353741,7.38162049,76.61074086,40,EndoZoo
Pradosia lactescens,0.731,7.264430223,103.4494443,23,EndoZoo
Pradosia surinamensis,0.8105,7.38162049,103.4494443,28.41666667,EndoZoo
Protium,0.568545436,6.626995485,70.47121446,24.44211111,EndoZoo
Protium altissimum,0.7078175,6.35140914,71,31.66666667,EndoZoo
Protium altsonii,0.597,6.551080335,81.17711934,26,EndoZoo
Protium apiculatum,0.54,6.400257445,64.34903514,26,EndoZoo
Protium aracouchini,0.574042801,5.23911233,55.98063425,27,EndoZoo
Protium catuaba,0.568545436,6.626995485,70.47121446,26,EndoZoo
Protium crenatum,0.54,6.626995485,98.95274095,24.44211111,EndoZoo
Protium decandrum,0.531281727,8.397658247,56.62534004,27,EndoZoo
Protium giganteum,0.49,5.598421959,85.08058362,30,EndoZoo
Protium goudotianum,0.7,6.626995485,43.6891083,18,EndoZoo
Protium hebetatum,0.71,8.006367568,95.46278064,22,EndoZoo
Protium heptaphyllum,0.661366653,5.242360583,88.2887003,28,EndoZoo
Protium opacum,0.566428572,7.257521966,73.82678491,50,EndoZoo
Protium pallidum,0.63,6.626995485,78.26101521,38,EndoZoo
Protium paniculatum,0.485,6.626995485,84.03361345,24.44211111,EndoZoo
Protium pilosum,0.568545436,6.626995485,70.47121446,24.44211111,EndoZoo
Protium polybotryum,0.68885,6.626995485,151.0427767,24.44211111,EndoZoo
Protium robustum,0.61,4.727387819,101.3395772,20,EndoZoo
Protium sagotianum,0.579915679,5.509388337,44.92546086,21,EndoZoo
Protium spruceanum,0.56,4.645995381,74.76390043,14,EndoZoo
Protium stevensonii,0.7,5.833503216,96.1049265,35,EndoZoo
Protium tenuifolium,0.578452534,4.591449824,83.36072015,27.83,EndoZoo
Protium trifoliolatum,0.685,4.661793401,78.0528762,26,EndoZoo
Protium unifoliolatum,0.33,4.412668588,66.65780173,24.44211111,EndoZoo
Protium warmingianum,0.661,6.319968614,70.47121446,25,EndoZoo
Prunus myrtifolia,0.78548125,5.114241983,97.50409021,30,EndoZoo
Pseudanamomis umbellulifera,0.781093334,6.645391014,77.84802137,15.66120296,EndoZoo
Pseudolmedia laevigata,0.628987483,5.14633101,55.00652128,35,EndoZoo
Pseudolmedia laevis,0.618919286,5.008340998,67.61911606,36,EndoZoo
Pseudolmedia macrophylla,0.660158304,5.953243334,73.53481871,25,EndoZoo
Pseudopiptadenia contorta,0.617714286,3.849048206,73.40793727,38,NonZoo
Pseudopiptadenia psilostachya,0.6495,4.448214323,100,50,NonZoo
Pseudopiptadenia suaveolens,0.625625637,4.820281566,50.56231854,45,NonZoo
Pseudoxandra bahiensis,0.37,5.983936281,61.57351864,20,EndoZoo
Pseudoxandra cuspidata,0.37,5.983936281,61.57351864,22,EndoZoo
Pseudoxandra duckei,0.37,5.983936281,61.57351864,19.25,EndoZoo
Pseudoxandra polyphleba,0.37,5.983936281,61.57351864,20,EndoZoo
Psidium guineense,0.897,2.16676537,64.67024222,12,EndoZoo
Psychotria mapourioides,0.487464741,4.382026635,79.28902479,19,EndoZoo
Psychotria vellosiana,0.461425,2.534688187,49.53683063,10,EndoZoo
Pterocarpus officinalis,0.380688244,7.495541944,37.11278836,30,NonZoo
Pterocarpus rohrii,0.491499082,5.843486154,51.34017982,32,NonZoo
Pterocarpus santalinoides,0.528,7.560080465,56.12834621,24.58333333,NonZoo
Ptychopetalum uncinatum,0.64875,4.842183212,69.83940081,23,EndoZoo
Qualea dinizii,0.5975,5.435044574,86.12475012,20.65833333,NonZoo
Qualea paraensis,0.647275617,4.002777369,81.19369213,60,NonZoo
Quararibea guianensis,0.56,5.60631076,61.90110222,18.13580247,EndoZoo
Quararibea turbinata,0.5939827,6.271420826,72.040365,15,EndoZoo
Quiina amazonica,0.92,5.714882969,58.55143742,16.25,EndoZoo
Quiina florida,0.746663278,5.383921504,57.88041907,16.25,EndoZoo
Quiina glaziovii,0.830260302,6.468411532,70.84259853,16.25,EndoZoo
Quiina paraensis,0.830260302,6.468411532,70.84259853,16.25,EndoZoo
Randia armata,0.688793817,4.416342175,46.33539491,17.5,EndoZoo
Rauvolfia grandiflora,0.503442407,4.750856573,33.09099963,15.18633333,EndoZoo
Rauvolfia paraensis,0.55,4.750856573,33.09099963,15.18633333,EndoZoo
Rhabdodendron amazonicum,0.56,5.499878852,91.24884355,26,EndoZoo
Rhodostemonodaphne grandis,0.39,8.490758226,104.5639623,28,EndoZoo
Rhodothyrsus macrophyllus,0.86,5.572154032,83.91741034,17.66666667,EndoZoo
Richeria grandis,0.546711883,4.80871085,66.42164465,30,EndoZoo
Rinorea falcata,0.670782979,4.033050123,53.69005973,8.453125,NonZoo
Rinorea flavescens,0.63,4.033050123,63.7755102,8.453125,NonZoo
Rinorea guianensis,0.78,3.790662149,91.52970633,26,NonZoo
Rinorea macrocarpa,0.670782979,4.033050123,201.3000001,8.453125,NonZoo
Rinorea neglecta,0.72,4.033050123,48.35800704,8.453125,NonZoo
Rinorea racemosa,0.682,4.033050123,48.09999999,7,NonZoo
Rinorea riana,0.670782979,4.033050123,53.69005973,8.453125,NonZoo
Rinoreocarpus ulei,0.5865878,4.449570791,71.30000004,12,EndoZoo
Roucheria columbiana,0.77,4.73191032,94.79999997,20,EndoZoo
Roupala montana,0.8175,3.511545439,110.5897391,35,NonZoo
Roupala rhombifolia,0.858239994,3.46260601,140.0999999,21.894,NonZoo
Rudgea minor,0.582145995,4.757986643,54.87322359,8,EndoZoo
Rudgea sessilis,0.487464741,3.602819087,45.34058683,6,EndoZoo
Ryania speciosa,0.5,3.723174595,55.65682006,20,EndoZoo
Sacoglottis guianensis,0.836054109,7.706262975,170.0102006,27,EndoZoo
Sacoglottis mattogrossensis,0.77,7.60090246,124.6116622,30,EndoZoo
Sagotia brachysepala,0.597671503,5.381048764,53.2293879,15,EndoZoo
Sagotia racemosa,0.60902884,5.381048764,49.50004952,15,EndoZoo
Sapindus saponaria,0.710527083,6.478324525,56.86422967,30,EndoZoo
Sapium glandulosum,0.439320812,3.45511459,61.76401757,31,EndoZoo
Sapium marmieri,0.41,3.688879454,53.34303562,35,EndoZoo
Sarcaulus brasiliensis,0.615,5.871434457,71.51029748,30,EndoZoo
Schefflera morototoni,0.45,3.138533072,58.69233476,35,EndoZoo
Schistostemon retusum,1,9.951832075,123.0536603,20,SynZoo
Schizolobium parahyba,0.429214436,6.457507291,43.7574524,35,NonZoo
Schoepfia brasiliensis,0.757,6.396929655,157.7732789,19,EndoZoo
Scleronema micranthum,0.624828292,11.39639165,85.10537359,40,NonZoo
Senefeldera multiflora,0.783333333,6.011667254,82.48124251,22,NonZoo
Senefeldera verticillata,0.79,6.011667254,82.48124251,26,NonZoo
Senna multijuga,0.544782875,2.20106903,55.42269606,15,NonZoo
Senna silvestris,0.592521956,3.07615422,55.42269606,20,NonZoo
Sextonia rubra,0.53564989,7.081708586,60.51540223,50,EndoZoo
Simaba guianensis,0.463388007,8.861633598,69.85387876,16.1,EndoZoo
Simaba polyphylla,0.463388007,7.619233416,80.81966244,20,EndoZoo
Simarouba amara,0.377870613,5.769420391,62.80455753,40,EndoZoo
Simira gardneriana,0.660178336,3.887330393,51.61124277,7,NonZoo
Simira glaziovii,0.66,3.673006105,51.61124277,25,NonZoo
Siparuna cuspidata,0.642875569,3.936018511,46.61570017,25,SynZoo
Siparuna decipiens,0.660946778,4.777077704,53.83324946,16,SynZoo
Siparuna glycycarpa,0.71,3.003708916,48.70883649,13.95,SynZoo
Siparuna guianensis,0.604866667,2.481934645,62.10088065,17.5,SynZoo
Siparuna poeppigii,0.622088781,3.003708916,48.20438659,10,SynZoo
Sloanea fendleriana,0.732243825,5.825854167,74.10849603,29.23315789,EndoZoo
Sloanea garckeana,0.806,5.825854167,74.10849603,29.23315789,EndoZoo
Sloanea grandiflora,0.81025,5.825854167,81.16150497,20,EndoZoo
Sloanea guianensis,0.797847081,4.836105525,95.98552088,35,EndoZoo
Sloanea hirsuta,0.83945551,5.029106971,74.48488672,30,EndoZoo
Sloanea laurifolia,0.8155,5.825854167,74.10849603,60,EndoZoo
Sloanea obtusifolia,0.732243825,5.13386893,44.50972537,35,EndoZoo
Sloanea parviflora,0.732243825,5.825854167,103.137692,29.23315789,EndoZoo
Sloanea porphyrocarpa,0.732243825,5.825854167,74.10849603,29.23315789,EndoZoo
Sloanea rufa,0.732243825,5.825854167,74.10849603,20,EndoZoo
Sloanea sinemariensis,0.777906275,4.823301195,80.34417964,30,EndoZoo
Sloanea synandra,0.653,6.196036713,58.46243791,35,EndoZoo
Sorocea bonplandii,0.622908257,5.990422338,94.32740373,25,EndoZoo
Sorocea guilleminiana,0.499125,5.247718568,74.10000005,20,EndoZoo
Sorocea hilarii,0.661916315,5.783825182,91.31166481,14,EndoZoo
Sorocea muriculata,0.614336779,3.631426879,51.02561487,13,EndoZoo
Spiranthera guianensis,0.804501603,8.444720236,111.846362,28.75,SynZoo
Spiranthera parviflora,0.558215413,5.809357253,88.77605937,7.480083333,SynZoo
Spondias mombin,0.396171025,7.279390995,63.14639008,35,EndoZoo
Staminodianthus duckei,0.391207965,5.640243954,76.30560625,24.60936458,NonZoo
Sterculia apetala,0.408077271,7.14272968,53.21257853,40,SynZoo
Sterculia excelsa,0.510651961,8.334871635,67.90000003,35,SynZoo
Sterculia foetida,0.458966,6.558197803,67.36017568,24.60936458,SynZoo
Sterculia pruriens,0.486208,7.444248649,98.39999999,40,SynZoo
Sterigmapetalum obovatum,0.77,4.507215513,60.95611341,25,NonZoo
Stryphnodendron guianense,0.57,4.624972813,38.90000001,25,EndoZoo
Stryphnodendron paniculatum,0.745,4.860830046,16.79999999,35,EndoZoo
Stryphnodendron polystachyum,0.46292875,4.860830046,70.00350015,30,EndoZoo
Stryphnodendron pulcherrimum,0.5075,4.75657464,35.12135711,22,EndoZoo
Stryphnodendron rotundifolium,0.58,4.860830046,82.60000004,15,EndoZoo
Styrax guyanensis,0.34,5.935601177,62.11180124,14.18251894,EndoZoo
Swartzia alternifoliolata,0.834,8.665953142,66.25524503,14,EndoZoo
Swartzia arborescens,0.819503155,7.083387848,46.25346902,23,EndoZoo
Swartzia brachyrachis,0.9,7.296413269,142.1,12,EndoZoo
Swartzia corrugata,1.0565,8.665953142,97.89999995,19.56641503,EndoZoo
Swartzia cuspidata,0.678,8.665953142,123.0790092,19.56641503,EndoZoo
Swartzia flaemingii,0.842333334,8.665953142,66.25524503,25,EndoZoo
Swartzia kuhlmannii,0.804460461,8.665953142,66.25524503,19.56641503,EndoZoo
Swartzia laurifolia,0.97,8.665953142,61.7703379,20,EndoZoo
Swartzia laxiflora,0.9,8.665953142,66.25524503,19.56641503,EndoZoo
Swartzia macrostachya,0.92,7.264430223,66.25524503,35,EndoZoo
Swartzia oblanceolata,0.86,8.665953142,66.25524503,30,EndoZoo
Swartzia panacoco,0.901538462,8.665953142,98.99999998,32,EndoZoo
Swartzia polita,0.804460461,8.665953142,66.25524503,19.56641503,EndoZoo
Swartzia polyphylla,0.690142857,10.31678855,102.5976453,40,EndoZoo
Swartzia racemosa,0.653987,8.665953142,72.99999999,20,EndoZoo
Swartzia recurva,0.89,8.665953142,83.80689656,19.56641503,EndoZoo
Swartzia reticulata,0.804460461,8.665953142,99.56867788,19.56641503,EndoZoo
Swartzia simplex,0.783923117,6.846629816,67.30108073,35,EndoZoo
Swartzia ulei,1,8.665953142,57.30000001,19.56641503,EndoZoo
Symphonia globulifera,0.622134726,8.005526814,59.84492673,40,EndoZoo
Syzygium viridifolium,0.63471636,7.390181428,122.0917762,13.1775,EndoZoo
Tabebuia,0.796924508,3.525452016,66.35476146,21.30705263,NonZoo
Tabebuia cassinoides,0.39,3.525452016,66.35476146,12,NonZoo
Tabebuia roseoalba,0.867,2.6616935,72.61497422,25,NonZoo
Tabernaemontana,0.62279004,5.568825304,44.84304935,16,EndoZoo
Tabernaemontana angulata,0.501588191,4.54072534,43.17571964,12.45966667,EndoZoo
Tabernaemontana flavicans,0.4885,4.54072534,43.08680118,15,EndoZoo
Tabernaemontana salzmannii,0.56725,5.149897361,43.17571964,12.45966667,EndoZoo
Tachigali alba,0.55449625,5.953493303,79.24216638,36,NonZoo
Tachigali chrysophylla,0.577772905,5.057901758,101.5474453,30,NonZoo
Tachigali densiflora,0.758666667,-1.347073648,80.60827373,30,NonZoo
Tachigali glauca,0.476,5.953493303,96.04079326,40,NonZoo
Tachigali guianensis,0.625,5.953493303,65.79999998,40,NonZoo
Tachigali melinonii,0.499568333,5.953493303,67.63421161,25.05194444,NonZoo
Tachigali micropetala,0.45175,5.953493303,80.3,35,NonZoo
Tachigali paniculata,0.55449625,5.953493303,125.4907945,30,NonZoo
Tachigali paraensis,0.688,5.953493303,68.20758011,30,NonZoo
Tachigali paratyensis,0.591426542,5.953493303,94.39351559,20,NonZoo
Tachigali vulgaris,0.658875,4.894752951,160.8970844,16.667,NonZoo
Talisia angustifolia,0.6571643,7.441675668,228.7,15.35714286,EndoZoo
Talisia carinata,0.79300401,6.841219244,83.94310064,20,EndoZoo
Talisia guianensis,0.79300401,7.441675668,83.94310064,15.35714286,EndoZoo
Talisia macrophylla,0.86,7.441675668,79.39999998,25,EndoZoo
Talisia microphylla,0.8165,7.441675668,83.94310064,15.35714286,EndoZoo
Talisia mollis,0.5719312,7.441675668,110.5443869,8,EndoZoo
Talisia retusa,0.79300401,7.441675668,83.94310064,25,EndoZoo
Tapirira guianensis,0.485086959,4.544048361,86.18909159,40,EndoZoo
Tapirira obtusa,0.444162174,5.04141665,87.14762406,30,EndoZoo
Tapura amazonica,0.765,6.725433322,99.37664586,25,SynZoo
Tapura singularis,0.72,5.99438418,78.00312016,15.43333333,SynZoo
Taralea oppositifolia,0.896666667,8.309644742,99.93013971,30,NonZoo
Terminalia amazonia,0.677275797,1.113368169,67.20041539,45,SynZoo
Terminalia argentea,0.785916667,5.878135862,94.17869347,50,SynZoo
Terminalia catappa,0.491100992,7.813187268,75.2184583,40,NonZoo
Terminalia dichotoma,0.707706667,5.71383281,80.43567366,17.44552778,NonZoo
Terminalia tetraphylla,0.74358919,5.875779754,80.43567366,17.44552778,NonZoo
Ternstroemia urophora,0.614200324,7.37832656,132.2064611,12,EndoZoo
Tetrastylidium brasiliense,0.91,5.323239335,65.80123045,15,EndoZoo
Theobroma canumanense,0.531687554,7.28687192,87.409122,17.59444444,EndoZoo
Theobroma grandiflorum,0.531687554,7.28687192,70.58761979,17.59444444,EndoZoo
Theobroma speciosum,0.616906384,6.862201622,61.43595247,16.5,EndoZoo
Theobroma subincanum,0.554569142,6.943669249,77.24328087,18,EndoZoo
Theobroma sylvestre,0.531687554,7.28687192,70.58761979,17.59444444,EndoZoo
Thyrsodium spruceanum,0.595555556,6.874818779,89.22081113,25,EndoZoo
Tibouchina francavillana,0.623629143,-2.309274085,72.22652249,9.344492481,NonZoo
Tibouchina splendens,0.623629143,-2.309274085,72.22652249,9.344492481,NonZoo
Tocoyena bullata,0.620175047,6.466109677,69.79394213,18.8925,EndoZoo
Toulicia guianensis,0.6027,3.191273358,94.39351559,30,NonZoo
Touroulia guianensis,0.76,3.324236341,52.50000012,26,EndoZoo
Tovomita caloneura,0.688501392,6.767486958,92.26015683,14.5625,EndoZoo
Tovomita choisyana,0.58,6.11204367,124.8,25,EndoZoo
Tovomita fructipendula,0.8,6.767486958,92.26015683,5.5,EndoZoo
Tovomita mangle,0.688501392,6.767486958,92.26015683,16,EndoZoo
Tovomita schomburgkii,0.688501392,6.767486958,93.09999997,14.5625,EndoZoo
Tovomita umbellata,0.86,6.767486958,92.26015683,14.5625,EndoZoo
Trattinnickia boliviana,0.471827285,5.348542215,59.13606446,34.375,EndoZoo
Trattinnickia burserifolia,0.46,7.185387016,92.2392833,20,EndoZoo
Trattinnickia rhoifolia,0.451141786,5.348542215,36.65957917,33,EndoZoo
Trema micrantha,0.322729874,1.276600041,47.66053676,31,EndoZoo
Trichilia cipo,0.656089846,4.695983908,60.85127412,15,EndoZoo
Trichilia elegans,0.65375,3.979681654,78.95758156,20,EndoZoo
Trichilia lecointei,0.9,5.446204992,58.1539751,17.25170889,EndoZoo
Trichilia lepidota,0.6425,5.942536873,103.9502606,30,EndoZoo
Trichilia micrantha,0.61268,4.815431111,46.49573286,15,EndoZoo
Trichilia pleeana,0.656688521,6.09272291,84.78887566,30,EndoZoo
Trichilia quadrijuga,0.558384286,4.21508618,61.89159438,30,EndoZoo
Trichilia rubra,0.58762,7.387269098,71.30146719,25,EndoZoo
Trichilia schomburgkii,0.686786667,5.446204992,58.1539751,17.25170889,EndoZoo
Trichilia septentrionalis,0.527221102,5.903543666,39.59560542,25,EndoZoo
Trichilia silvatica,0.78875,3.772261063,188.8574127,16,EndoZoo
Trymatococcus amazonicus,0.653725911,8.845057054,60.69435582,15,EndoZoo
Unonopsis duckei,0.56,6.355184119,70.07390354,35,EndoZoo
Unonopsis guatterioides,0.52,6.107713073,77.62463382,15,EndoZoo
Vantanea bahiaensis,1,9.140083309,115.8125791,9,EndoZoo
Vantanea guianensis,0.865268975,10.12854926,75.59150355,30,EndoZoo
Vantanea paraensis,0.77,9.140083309,115.8125791,19.6,EndoZoo
Vantanea parviflora,0.852321225,6.400257445,111.5068944,31,EndoZoo
Vatairea erythrocarpa,0.884837,7.074116816,88.57688562,40,NonZoo
Vatairea guianensis,0.672038572,6.988511886,84.72870269,28.75,NonZoo
Vatairea paraensis,0.71,6.988511886,115,28.75,NonZoo
Vatairea sericea,0.665,6.988511886,84.72870269,28.75,NonZoo
Vernonanthura divaricata,0.4615,-0.778617927,64.31445811,11.2,NonZoo
Virola caducifolia,0.461,7.462115649,93.20000003,31.35681818,EndoZoo
Virola calophylla,0.48105659,7.397561536,93.00426822,22.2,EndoZoo
Virola crebrinervia,0.47896755,7.462115649,62.27892163,31.35681818,EndoZoo
Virola elongata,0.493726991,5.822059216,68.62396646,40,EndoZoo
Virola gardneri,0.507142857,8.630521877,133.4000001,38,EndoZoo
Virola guianensis,0.47896755,7.462115649,62.27892163,31.35681818,EndoZoo
Virola loretensis,0.47896755,7.462115649,62.27892163,31.35681818,EndoZoo
Virola michelii,0.471858111,7.677863501,51.16842261,38,EndoZoo
Virola mollissima,0.452471732,7.818229126,77.40000003,25,EndoZoo
Virola nervosa,0.47896755,7.462115649,62.27892163,31.35681818,EndoZoo
Virola officinalis,0.476,7.462115649,62.27892163,40,EndoZoo
Virola pavonis,0.5273528,7.685856165,89.5045167,25,EndoZoo
Virola sebifera,0.48303403,6.159291634,75.56511916,28.5,EndoZoo
Virola surinamensis,0.444615786,7.185902476,66.59448957,43,EndoZoo
Vismia baccifera,0.467133172,1.16315081,65.04891894,20,EndoZoo
Vismia cayennensis,0.495,0,75.05149012,8,EndoZoo
Vismia guianensis,0.529028167,-3.912023005,100.9233428,14,EndoZoo
Vismia japurensis,0.493912151,0.090998617,107.8958679,15,EndoZoo
Vismia latifolia,0.43,0.090998617,78.83695019,18,EndoZoo
Vismia sandwithii,0.493912151,0.090998617,78.83695019,13.94444444,EndoZoo
Vitex,0.59896859,4.832869726,67.96840161,14.713,EndoZoo
Vitex triflora,0.698581514,5.444784172,27.78086455,15,EndoZoo
Vochysia guianensis,0.509184848,4.70577703,103.782757,23.57407407,NonZoo
Vochysia inundata,0.474642987,4.70577703,88.19969553,23.57407407,NonZoo
Vochysia lucida,0.474642987,4.70577703,88.19969553,18,NonZoo
Vochysia maxima,0.495,4.70577703,88.19969553,23.57407407,NonZoo
Vochysia oblongifolia,0.474642987,4.70577703,88.19969553,30,NonZoo
Vochysia vismiifolia,0.474642987,4.70577703,87.0322019,23.57407407,NonZoo
Warszewiczia coccinea,0.578901336,-2.831914188,65.91957814,12,NonZoo
Xylopia,0.581549125,4.528786577,62.24916428,18.2305,EndoZoo
Xylopia amazonica,0.787,4.528786577,62.24916428,30,EndoZoo
Xylopia aromatica,0.599856667,4.276443872,81.38461889,15,EndoZoo
Xylopia benthamii,0.6,4.528786577,62.24916428,25,EndoZoo
Xylopia calophylla,0.581549125,3.90658022,62.24916428,15,EndoZoo
Xylopia cayennensis,0.581549125,4.528786577,62.24916428,18.2305,EndoZoo
Xylopia frutescens,0.580833333,3.93135101,60.45829195,17,EndoZoo
Xylopia laevigata,0.581549125,4.528786577,100.9619888,15,EndoZoo
Xylopia nitida,0.548393333,4.528786577,82.00849373,36,EndoZoo
Xylopia polyantha,0.6,4.528786577,62.24916428,18.2305,EndoZoo
Xylosma benthamii,0.65,2.175850654,47.06224522,15,EndoZoo
Zanthoxylum caribaeum,0.6599,2.7538281,60.90133983,25,NonZoo
Zanthoxylum ekmanii,0.439444578,2.855032391,67.45677727,40,NonZoo
Zanthoxylum monogynum,0.9,4.074549935,44.0822481,20,NonZoo
Zanthoxylum paulae,0.589830346,3.641320702,60.86227977,12.45076667,NonZoo
Zanthoxylum rhoifolium,0.571919048,3.474281438,76.41689886,23,NonZoo
Zanthoxylum sprucei,0.4,3.028857524,54.57085478,25.9,NonZoo
Ziziphus cinnamomum,0.835,7.107971326,59.47071069,35,SynZoo
Zollernia ilicifolia,0.980495752,6.571283042,94.34991435,30,SynZoo
Zollernia paraensis,0.97975,6.571283042,94.34991435,30,SynZoo
Zygia juruana,0.690086495,8.804662741,64.90000002,16.91666667,EndoZoo
Zygia latifolia,0.36,5.302132081,67.53106431,20,EndoZoo
Zygia racemosa,0.780087616,8.804662741,73.34075719,37,EndoZoo
Zygia ramiflora,0.78,8.804662741,68.58195627,30,EndoZoo
